JvmtiExport can_access_local_variables 0
JvmtiExport can_hotswap_or_post_breakpoint 0
JvmtiExport can_post_on_exceptions 0
# 119 ciObject found
instanceKlass java/time/Instant$1
instanceKlass org/openqa/selenium/support/ui/ExpectedConditions$10
instanceKlass org/openqa/selenium/support/ui/ExpectedCondition
instanceKlass org/openqa/selenium/support/ui/ExpectedConditions
instanceKlass org/openqa/selenium/support/ui/FluentWait$$Lambda$346
instanceKlass org/openqa/selenium/support/ui/Sleeper$$Lambda$345
instanceKlass org/openqa/selenium/support/ui/Sleeper
instanceKlass org/openqa/selenium/support/ui/FluentWait
instanceKlass org/openqa/selenium/support/ui/Wait
instanceKlass org/openqa/selenium/interactions/Actions$BuiltAction
instanceKlass org/openqa/selenium/interactions/Sequence
instanceKlass org/openqa/selenium/interactions/PointerInput$Origin
instanceKlass org/openqa/selenium/interactions/internal/BaseAction
instanceKlass org/openqa/selenium/interactions/CompositeAction
instanceKlass org/openqa/selenium/interactions/IsInteraction
instanceKlass org/openqa/selenium/interactions/Action
instanceKlass org/openqa/selenium/interactions/Actions
instanceKlass org/openqa/selenium/remote/RemoteWebElement$$Lambda$344
instanceKlass org/openqa/selenium/support/ui/Quotes
instanceKlass org/openqa/selenium/remote/internal/WebElementToJsonConverter
instanceKlass com/google/common/io/Closer$SuppressingSuppressor
instanceKlass com/google/common/io/Closer$Suppressor
instanceKlass com/google/common/io/Closer
instanceKlass com/google/common/io/LineProcessor
instanceKlass com/google/common/io/Resources
instanceKlass org/openqa/selenium/support/ui/Select
instanceKlass org/openqa/selenium/support/ui/ISelect
instanceKlass org/testng/internal/DynamicGraph$1
instanceKlass java/util/concurrent/ConcurrentLinkedQueue$Itr
instanceKlass org/openqa/selenium/net/UrlChecker$$Lambda$343
instanceKlass org/apache/maven/shared/utils/StringUtils
instanceKlass java/lang/StackTraceElement$HashedModules
instanceKlass org/apache/maven/surefire/report/SmartStackTraceParser
instanceKlass org/apache/maven/surefire/report/SafeThrowable
instanceKlass org/apache/maven/surefire/report/PojoStackTraceWriter
instanceKlass com/aventstack/extentreports/Report$$Lambda$342
instanceKlass com/aventstack/extentreports/Report$$Lambda$341
instanceKlass com/aventstack/extentreports/SessionStatusStats$$Lambda$340
instanceKlass com/aventstack/extentreports/SessionStatusStats$1
instanceKlass com/aventstack/extentreports/SessionStatusStats$$Lambda$339
instanceKlass com/aventstack/extentreports/Report$$Lambda$338
instanceKlass com/aventstack/extentreports/model/Test$$Lambda$337
instanceKlass java/lang/invoke/LambdaForm$DMH
instanceKlass com/aventstack/extentreports/model/Test$$Lambda$336
instanceKlass com/aventstack/extentreports/model/AbstractStructure
instanceKlass com/aventstack/extentreports/model/Log
instanceKlass com/aventstack/extentreports/markuputils/Label
instanceKlass com/aventstack/extentreports/markuputils/Markup
instanceKlass com/aventstack/extentreports/markuputils/MarkupHelper
instanceKlass com/aventstack/extentreports/Report$$Lambda$335
instanceKlass com/aventstack/extentreports/model/Test
instanceKlass com/aventstack/extentreports/model/BasicReportElement
instanceKlass com/aventstack/extentreports/ExtentTest
instanceKlass com/aventstack/extentreports/RunResult
instanceKlass com/aventstack/extentreports/model/IAddsMedia
instanceKlass org/testng/internal/Invoker$StatusHolder
instanceKlass org/openqa/selenium/Proxy$1
instanceKlass org/openqa/selenium/AbstractCapabilities$$Lambda$334
instanceKlass java/util/Comparator$$Lambda$333
instanceKlass org/openqa/selenium/AbstractCapabilities$$Lambda$332
instanceKlass com/google/common/base/Throwables
instanceKlass java/net/InetAddress$CachedLocalHost
instanceKlass java/util/stream/Collectors$$Lambda$331
instanceKlass java/util/stream/Collectors$$Lambda$330
instanceKlass java/util/stream/Collectors$$Lambda$329
instanceKlass org/openqa/selenium/remote/ErrorCodes$$Lambda$328
instanceKlass org/openqa/selenium/remote/ErrorCodes$$Lambda$327
instanceKlass org/openqa/selenium/remote/ErrorCodes$$Lambda$326
instanceKlass java/util/stream/SortedOps$RefSortingSink$$Lambda$325
instanceKlass java/util/stream/SortedOps
instanceKlass java/util/Comparator$$Lambda$324
instanceKlass org/openqa/selenium/remote/ErrorCodes$$Lambda$323
instanceKlass java/util/function/ToIntFunction
instanceKlass org/openqa/selenium/remote/ErrorCodes$$Lambda$322
instanceKlass org/openqa/selenium/remote/ErrorCodes$$Lambda$321
instanceKlass org/openqa/selenium/remote/http/W3CHttpCommandCodec$$Lambda$320
instanceKlass org/openqa/selenium/remote/http/W3CHttpCommandCodec$$Lambda$319
instanceKlass org/openqa/selenium/remote/http/W3CHttpCommandCodec$$Lambda$318
instanceKlass org/openqa/selenium/remote/http/W3CHttpCommandCodec$$Lambda$317
instanceKlass java/util/stream/Collectors$$Lambda$316
instanceKlass java/util/stream/Collectors$$Lambda$315
instanceKlass java/util/stream/Collectors$$Lambda$314
instanceKlass java/util/stream/Collectors$$Lambda$313
instanceKlass org/openqa/selenium/remote/http/W3CHttpCommandCodec$$Lambda$312
instanceKlass org/openqa/selenium/Alert
instanceKlass org/openqa/selenium/remote/RemoteWebDriver$RemoteTargetLocator
instanceKlass com/google/common/collect/Lists
instanceKlass com/google/common/collect/FluentIterable
instanceKlass jdk/internal/access/foreign/MemorySegmentProxy
instanceKlass java/net/URLEncoder
instanceKlass org/openqa/selenium/net/Urls
instanceKlass org/openqa/selenium/OutputType$3
instanceKlass org/openqa/selenium/OutputType$2
instanceKlass org/openqa/selenium/OutputType$1
instanceKlass org/openqa/selenium/interactions/Coordinates
instanceKlass org/openqa/selenium/OutputType
instanceKlass org/openqa/selenium/Rectangle
instanceKlass org/openqa/selenium/Dimension
instanceKlass org/openqa/selenium/Point
instanceKlass java/lang/reflect/Proxy$$Lambda$311
instanceKlass org/openqa/selenium/WrapsElement
instanceKlass org/openqa/selenium/support/pagefactory/internal/LocatingElementHandler
instanceKlass org/openqa/selenium/support/AbstractFindByBuilder
instanceKlass sun/reflect/annotation/AnnotationParser$$Lambda$310
instanceKlass org/openqa/selenium/support/FindAll
instanceKlass org/openqa/selenium/support/FindBys
instanceKlass org/openqa/selenium/support/PageFactoryFinder
instanceKlass org/openqa/selenium/support/FindBy
instanceKlass org/openqa/selenium/support/CacheLookup
instanceKlass org/openqa/selenium/By
instanceKlass org/openqa/selenium/support/pagefactory/AbstractAnnotations
instanceKlass org/openqa/selenium/support/pagefactory/DefaultElementLocator
instanceKlass org/openqa/selenium/support/pagefactory/DefaultFieldDecorator
instanceKlass org/openqa/selenium/support/pagefactory/ElementLocator
instanceKlass org/openqa/selenium/support/pagefactory/DefaultElementLocatorFactory
instanceKlass org/openqa/selenium/support/pagefactory/ElementLocatorFactory
instanceKlass org/openqa/selenium/support/pagefactory/FieldDecorator
instanceKlass org/openqa/selenium/support/PageFactory
instanceKlass java/util/IdentityHashMap$IdentityHashMapIterator
instanceKlass sun/security/ssl/Alert$AlertConsumer
instanceKlass org/openqa/selenium/remote/RemoteWebDriver$RemoteNavigation
instanceKlass java/util/concurrent/TimeUnit$1
instanceKlass org/openqa/selenium/remote/RemoteWebDriver$RemoteWebDriverOptions$RemoteTimeouts
instanceKlass org/openqa/selenium/remote/RemoteWebDriver$RemoteWebDriverOptions$RemoteWindow
instanceKlass org/openqa/selenium/json/JsonInput$$Lambda$309
instanceKlass org/openqa/selenium/WebDriver$ImeHandler
instanceKlass org/openqa/selenium/WebDriver$Timeouts
instanceKlass org/openqa/selenium/WebDriver$Window
instanceKlass org/openqa/selenium/remote/RemoteWebDriver$RemoteWebDriverOptions
instanceKlass org/openqa/selenium/remote/mobile/RemoteNetworkConnection
instanceKlass org/openqa/selenium/remote/RemoteTouchScreen
instanceKlass org/openqa/selenium/html5/SessionStorage
instanceKlass org/openqa/selenium/html5/LocalStorage
instanceKlass org/openqa/selenium/remote/html5/RemoteWebStorage
instanceKlass org/openqa/selenium/remote/html5/RemoteLocationContext
instanceKlass org/openqa/selenium/remote/RemoteWebElement
instanceKlass org/openqa/selenium/interactions/Locatable
instanceKlass org/openqa/selenium/internal/HasIdentity
instanceKlass org/openqa/selenium/WrapsDriver
instanceKlass org/openqa/selenium/remote/http/AbstractHttpResponseCodec
instanceKlass org/openqa/selenium/interactions/KeyInput
instanceKlass org/openqa/selenium/interactions/Interaction
instanceKlass org/openqa/selenium/interactions/PointerInput
instanceKlass org/openqa/selenium/interactions/Encodable
instanceKlass com/google/common/base/AbstractIterator$1
instanceKlass com/google/common/base/Splitter$5
instanceKlass org/openqa/selenium/remote/http/AbstractHttpCommandCodec$CommandSpec
instanceKlass com/google/common/base/AbstractIterator
instanceKlass com/google/common/base/Splitter$1
instanceKlass com/google/common/base/Splitter$Strategy
instanceKlass com/google/common/base/Splitter
instanceKlass org/openqa/selenium/interactions/InputSource
instanceKlass org/openqa/selenium/remote/http/AbstractHttpCommandCodec
instanceKlass java/time/LocalTime$1
instanceKlass java/time/LocalDate$1
instanceKlass java/time/ZonedDateTime$1
instanceKlass java/util/Formatter$DateTime
instanceKlass java/util/ResourceBundle$ResourceBundleProviderHelper$$Lambda$308
instanceKlass java/util/ResourceBundle$ResourceBundleProviderHelper$$Lambda$307
instanceKlass java/util/ResourceBundle$3
instanceKlass java/util/logging/Level$RbAccess
instanceKlass java/lang/invoke/LambdaForm$MH
instanceKlass java/lang/invoke/LambdaForm$MH
instanceKlass java/lang/invoke/LambdaForm$MH
instanceKlass java/lang/invoke/LambdaForm$MH
instanceKlass java/lang/invoke/LambdaForm$MH
instanceKlass java/lang/invoke/LambdaForm$MH
instanceKlass java/lang/invoke/LambdaForm$MH
instanceKlass java/util/logging/LogRecord$$Lambda$306
instanceKlass java/lang/StackStreamFactory$FrameBuffer
instanceKlass java/lang/StackStreamFactory$1
instanceKlass java/lang/StackStreamFactory
instanceKlass java/util/logging/LogRecord$CallerFinder$$Lambda$305
instanceKlass java/util/logging/LogRecord$CallerFinder$$Lambda$304
instanceKlass java/util/logging/LogRecord$CallerFinder
instanceKlass java/time/ZonedDateTime
instanceKlass java/time/chrono/ChronoZonedDateTime
instanceKlass java/time/LocalTime
instanceKlass java/time/zone/ZoneOffsetTransition
instanceKlass java/time/LocalDateTime
instanceKlass java/time/chrono/ChronoLocalDateTime
instanceKlass java/time/zone/ZoneOffsetTransitionRule
instanceKlass java/time/zone/ZoneRules
instanceKlass java/time/zone/Ser
instanceKlass java/io/Externalizable
instanceKlass java/time/zone/ZoneRulesProvider$1
instanceKlass java/time/zone/ZoneRulesProvider
instanceKlass java/util/logging/LogManager$CloseOnReset
instanceKlass java/util/logging/StreamHandler$1
instanceKlass java/util/logging/Handler$1
instanceKlass jdk/internal/logger/SimpleConsoleLogger$Formatting
instanceKlass java/util/logging/SimpleFormatter$$Lambda$303
instanceKlass java/util/logging/Formatter
instanceKlass java/time/ZoneId
instanceKlass java/time/Clock
instanceKlass java/time/Instant
instanceKlass java/util/logging/LogRecord
instanceKlass org/openqa/selenium/remote/ProtocolHandshake$Result$$Lambda$302
instanceKlass org/openqa/selenium/Proxy
instanceKlass org/openqa/selenium/remote/W3CHandshakeResponse$$Lambda$301
instanceKlass org/openqa/selenium/remote/W3CHandshakeResponse$$Lambda$300
instanceKlass org/openqa/selenium/remote/JsonWireProtocolResponse$$Lambda$299
instanceKlass org/openqa/selenium/remote/JsonWireProtocolResponse$$Lambda$298
instanceKlass org/openqa/selenium/remote/ProtocolHandshake$$Lambda$297
instanceKlass org/openqa/selenium/remote/ProtocolHandshake$$Lambda$296
instanceKlass org/openqa/selenium/remote/W3CHandshakeResponse
instanceKlass org/openqa/selenium/remote/HandshakeResponse$$Lambda$295
instanceKlass java/lang/invoke/LambdaForm$DMH
instanceKlass org/openqa/selenium/remote/ProtocolHandshake$Result
instanceKlass org/openqa/selenium/remote/JsonWireProtocolResponse
instanceKlass org/openqa/selenium/remote/HandshakeResponse
instanceKlass org/openqa/selenium/remote/InitialHandshakeResponse
instanceKlass java/math/MathContext
instanceKlass org/openqa/selenium/json/NumberCoercer$1
instanceKlass org/openqa/selenium/json/NumberCoercer$$Lambda$294
instanceKlass org/openqa/selenium/json/JsonInput$$Lambda$293
instanceKlass org/openqa/selenium/json/BooleanCoercer$$Lambda$292
instanceKlass com/google/common/base/MoreObjects
instanceKlass com/google/common/net/MediaType$Tokenizer
instanceKlass org/openqa/selenium/remote/internal/OkHttpClient$$Lambda$291
instanceKlass org/openqa/selenium/remote/internal/OkHttpClient$$Lambda$290
instanceKlass okhttp3/internal/http1/Http1Codec$AbstractSource
instanceKlass okhttp3/internal/http/HttpHeaders
instanceKlass okhttp3/Response$Builder
instanceKlass okhttp3/internal/http/StatusLine
instanceKlass okhttp3/internal/http1/Http1Codec$FixedLengthSink
instanceKlass okio/ForwardingSink
instanceKlass okio/Segment
instanceKlass okio/SegmentPool
instanceKlass okhttp3/internal/http/RequestLine
instanceKlass okhttp3/internal/http1/Http1Codec
instanceKlass okio/RealBufferedSink
instanceKlass okio/AsyncTimeout$1
instanceKlass okio/Okio$1
instanceKlass okio/RealBufferedSource
instanceKlass okio/AsyncTimeout$2
instanceKlass okio/Okio$2
instanceKlass okio/Timeout
instanceKlass okio/Okio
instanceKlass okhttp3/internal/connection/ConnectionSpecSelector
instanceKlass okhttp3/internal/http/HttpCodec
instanceKlass okhttp3/internal/ws/RealWebSocket$Streams
instanceKlass okhttp3/internal/http2/Http2Connection$Listener
instanceKlass okhttp3/internal/connection/RouteSelector$Selection
instanceKlass okhttp3/Route
instanceKlass okhttp3/CacheControl$Builder
instanceKlass okhttp3/CacheControl
instanceKlass okhttp3/internal/cache/CacheStrategy
instanceKlass okhttp3/internal/cache/CacheStrategy$Factory
instanceKlass okhttp3/internal/connection/RouteSelector
instanceKlass okhttp3/Address
instanceKlass okhttp3/internal/connection/StreamAllocation
instanceKlass okhttp3/Connection
instanceKlass okhttp3/internal/http/RealInterceptorChain
instanceKlass okhttp3/internal/http/CallServerInterceptor
instanceKlass okhttp3/internal/connection/ConnectInterceptor
instanceKlass okhttp3/internal/cache/CacheInterceptor
instanceKlass okhttp3/internal/http/BridgeInterceptor
instanceKlass okhttp3/internal/http/RetryAndFollowUpInterceptor
instanceKlass okhttp3/RealCall
instanceKlass okhttp3/Headers
instanceKlass okhttp3/Request
instanceKlass okhttp3/internal/http/HttpMethod
instanceKlass com/google/common/io/ByteArrayDataOutput
instanceKlass com/google/common/io/ByteArrayDataInput
instanceKlass com/google/common/io/ByteStreams
instanceKlass okhttp3/MediaType
instanceKlass org/openqa/selenium/remote/internal/OkHttpClient$1
instanceKlass org/openqa/selenium/BuildInfo
instanceKlass com/google/common/collect/CollectSpliterators$1$$Lambda$289
instanceKlass com/google/common/collect/CollectSpliterators$1
instanceKlass com/google/common/collect/AbstractMapBasedMultimap$$Lambda$288
instanceKlass com/google/common/collect/CollectSpliterators$1FlatMapSpliterator$$Lambda$287
instanceKlass java/lang/invoke/LambdaForm$DMH
instanceKlass org/openqa/selenium/remote/http/HttpMessage$$Lambda$286
instanceKlass org/openqa/selenium/remote/http/HttpMessage$$Lambda$285
instanceKlass org/openqa/selenium/remote/http/HttpMessage$$Lambda$284
instanceKlass com/google/common/collect/CollectSpliterators$1FlatMapSpliterator
instanceKlass com/google/common/collect/CollectSpliterators
instanceKlass com/google/common/collect/AbstractMapBasedMultimap$$Lambda$283
instanceKlass com/google/common/collect/AbstractMapBasedMultimap$KeySet$1
instanceKlass okhttp3/HttpUrl$Builder
instanceKlass okhttp3/HttpUrl
instanceKlass okhttp3/Headers$Builder
instanceKlass okhttp3/Request$Builder
instanceKlass com/google/common/net/MediaType$2
instanceKlass com/google/common/base/Joiner$MapJoiner
instanceKlass com/google/common/base/Joiner
instanceKlass com/google/common/collect/Multisets$AbstractEntry
instanceKlass com/google/common/collect/Count
instanceKlass com/google/common/collect/Collections2
instanceKlass com/google/common/collect/Iterables
instanceKlass com/google/common/primitives/Ints
instanceKlass com/google/common/collect/AbstractMapBasedMultiset$1
instanceKlass com/google/common/collect/Multiset$Entry
instanceKlass com/google/common/collect/SortedMultiset
instanceKlass com/google/common/collect/SortedMultisetBridge
instanceKlass com/google/common/collect/Multisets
instanceKlass com/google/common/base/Optional
instanceKlass com/google/common/collect/TransformedIterator
instanceKlass com/google/common/collect/Maps$11
instanceKlass com/google/common/base/ExtraObjectsMethodsForWeb
instanceKlass com/google/common/collect/Maps$7
instanceKlass com/google/common/net/MediaType$1
instanceKlass java/util/DualPivotQuicksort
instanceKlass com/google/common/base/CharMatcher
instanceKlass com/google/common/base/Predicate
instanceKlass com/google/common/collect/AbstractMapBasedMultimap$WrappedCollection$WrappedIterator
instanceKlass com/google/common/collect/AbstractMapBasedMultimap$AsMap$AsMapIterator
instanceKlass com/google/common/collect/SortedSetMultimap
instanceKlass com/google/common/collect/Multimaps
instanceKlass com/google/common/collect/MultimapBuilder$ArrayListSupplier
instanceKlass com/google/common/base/Converter
instanceKlass com/google/common/collect/Maps$EntryTransformer
instanceKlass com/google/common/collect/SortedMapDifference
instanceKlass com/google/common/collect/MapDifference
instanceKlass com/google/common/collect/Maps
instanceKlass com/google/common/base/Supplier
instanceKlass com/google/common/collect/MultimapBuilder$MultimapBuilderWithKeys
instanceKlass com/google/common/collect/MultimapBuilder
instanceKlass com/google/common/collect/ImmutableMultimap$Builder
instanceKlass com/google/common/base/Ascii
instanceKlass com/google/common/base/Charsets
instanceKlass com/google/common/net/MediaType
instanceKlass com/google/common/collect/Multiset
instanceKlass com/google/common/collect/ListMultimap
instanceKlass org/openqa/selenium/remote/http/HttpMessage
instanceKlass org/openqa/selenium/remote/NewSessionPayload$$Lambda$282
instanceKlass org/openqa/selenium/remote/NewSessionPayload$$Lambda$281
instanceKlass org/openqa/selenium/remote/NewSessionPayload$$Lambda$280
instanceKlass org/openqa/selenium/remote/NewSessionPayload$$Lambda$279
instanceKlass org/openqa/selenium/remote/NewSessionPayload$$Lambda$278
instanceKlass org/openqa/selenium/remote/NewSessionPayload$$Lambda$277
instanceKlass org/openqa/selenium/remote/NewSessionPayload$$Lambda$276
instanceKlass org/openqa/selenium/remote/NewSessionPayload$$Lambda$275
instanceKlass org/openqa/selenium/remote/NewSessionPayload$$Lambda$274
instanceKlass org/openqa/selenium/remote/NewSessionPayload$$Lambda$273
instanceKlass org/openqa/selenium/remote/NewSessionPayload$$Lambda$272
instanceKlass org/openqa/selenium/remote/session/SafariFilter$$Lambda$271
instanceKlass org/openqa/selenium/remote/session/SafariFilter$$Lambda$270
instanceKlass org/openqa/selenium/remote/session/SafariFilter$$Lambda$269
instanceKlass org/openqa/selenium/remote/session/SafariFilter$$Lambda$268
instanceKlass org/openqa/selenium/remote/session/OperaFilter$$Lambda$267
instanceKlass org/openqa/selenium/remote/session/OperaFilter$$Lambda$266
instanceKlass org/openqa/selenium/remote/session/OperaFilter$$Lambda$265
instanceKlass org/openqa/selenium/remote/session/OperaFilter$$Lambda$264
instanceKlass org/openqa/selenium/remote/session/InternetExplorerFilter$$Lambda$263
instanceKlass org/openqa/selenium/remote/session/InternetExplorerFilter$$Lambda$262
instanceKlass org/openqa/selenium/remote/session/InternetExplorerFilter$$Lambda$261
instanceKlass org/openqa/selenium/remote/session/InternetExplorerFilter$$Lambda$260
instanceKlass org/openqa/selenium/remote/session/FirefoxFilter$$Lambda$259
instanceKlass org/openqa/selenium/remote/session/FirefoxFilter$$Lambda$258
instanceKlass org/openqa/selenium/remote/session/FirefoxFilter$$Lambda$257
instanceKlass org/openqa/selenium/remote/session/FirefoxFilter$$Lambda$256
instanceKlass org/openqa/selenium/remote/session/FirefoxFilter$$Lambda$255
instanceKlass org/openqa/selenium/remote/session/FirefoxFilter$$Lambda$254
instanceKlass com/google/common/collect/CollectCollectors$$Lambda$253
instanceKlass com/google/common/collect/CollectCollectors$$Lambda$252
instanceKlass com/google/common/collect/CollectCollectors$$Lambda$251
instanceKlass com/google/common/collect/CollectCollectors$$Lambda$250
instanceKlass org/openqa/selenium/remote/session/EdgeFilter$$Lambda$249
instanceKlass org/openqa/selenium/remote/session/EdgeFilter$$Lambda$248
instanceKlass org/openqa/selenium/remote/session/EdgeFilter$$Lambda$247
instanceKlass org/openqa/selenium/remote/session/EdgeFilter$$Lambda$246
instanceKlass org/openqa/selenium/remote/NewSessionPayload$$Lambda$245
instanceKlass org/openqa/selenium/remote/NewSessionPayload$$Lambda$244
instanceKlass org/openqa/selenium/remote/NewSessionPayload$$Lambda$243
instanceKlass org/openqa/selenium/remote/NewSessionPayload$$Lambda$242
instanceKlass org/openqa/selenium/remote/NewSessionPayload$$Lambda$241
instanceKlass java/util/concurrent/ForkJoinPool$WorkQueue
instanceKlass java/util/concurrent/ForkJoinPool$1
instanceKlass java/util/concurrent/ForkJoinPool$DefaultForkJoinWorkerThreadFactory
instanceKlass java/util/concurrent/ForkJoinPool$ForkJoinWorkerThreadFactory
instanceKlass java/util/concurrent/ForkJoinTask
instanceKlass java/util/stream/AbstractPipeline$$Lambda$240
instanceKlass java/util/stream/Collectors$$Lambda$239
instanceKlass java/util/stream/Collectors$$Lambda$238
instanceKlass java/lang/invoke/LambdaForm$DMH
instanceKlass org/openqa/selenium/remote/session/ChromeFilter$$Lambda$237
instanceKlass org/openqa/selenium/remote/session/ChromeFilter$$Lambda$236
instanceKlass org/openqa/selenium/remote/session/ChromeFilter$$Lambda$235
instanceKlass org/openqa/selenium/remote/session/ChromeFilter$$Lambda$234
instanceKlass java/util/stream/DistinctOps
instanceKlass org/openqa/selenium/remote/session/ChromeFilter$$Lambda$233
instanceKlass org/openqa/selenium/remote/session/ChromeFilter$$Lambda$232
instanceKlass java/util/TreeMap$EntrySpliterator$$Lambda$231
instanceKlass java/lang/invoke/LambdaForm$MH
instanceKlass java/util/TreeMap$TreeMapSpliterator
instanceKlass org/openqa/selenium/remote/NewSessionPayload$$Lambda$230
instanceKlass org/openqa/selenium/remote/NewSessionPayload$$Lambda$229
instanceKlass org/openqa/selenium/remote/NewSessionPayload$$Lambda$228
instanceKlass org/openqa/selenium/remote/NewSessionPayload$$Lambda$227
instanceKlass org/openqa/selenium/remote/NewSessionPayload$$Lambda$226
instanceKlass org/openqa/selenium/remote/NewSessionPayload$$Lambda$225
instanceKlass org/openqa/selenium/remote/NewSessionPayload$$Lambda$224
instanceKlass com/google/common/collect/CollectCollectors$$Lambda$223
instanceKlass com/google/common/collect/CollectCollectors$$Lambda$222
instanceKlass com/google/common/collect/CollectCollectors$$Lambda$221
instanceKlass com/google/common/collect/CollectCollectors$$Lambda$220
instanceKlass com/google/common/collect/SortedIterable
instanceKlass com/google/common/collect/Ordering
instanceKlass org/openqa/selenium/remote/NewSessionPayload$$Lambda$219
instanceKlass org/openqa/selenium/remote/NewSessionPayload$$Lambda$218
instanceKlass com/google/common/collect/Sets
instanceKlass org/openqa/selenium/remote/NewSessionPayload$$Lambda$217
instanceKlass org/openqa/selenium/remote/NewSessionPayload$$Lambda$216
instanceKlass org/openqa/selenium/remote/NewSessionPayload$$Lambda$215
instanceKlass org/openqa/selenium/remote/NewSessionPayload$$Lambda$214
instanceKlass org/openqa/selenium/remote/NewSessionPayload$$Lambda$213
instanceKlass java/util/Collections$2
instanceKlass org/openqa/selenium/json/JsonInput$1
instanceKlass org/openqa/selenium/json/CollectionCoercer$$Lambda$212
instanceKlass org/openqa/selenium/json/CollectionCoercer$$Lambda$211
instanceKlass org/openqa/selenium/json/ObjectCoercer$1
instanceKlass org/openqa/selenium/json/ObjectCoercer$$Lambda$210
instanceKlass org/openqa/selenium/json/StringCoercer$1
instanceKlass org/openqa/selenium/json/StringCoercer$$Lambda$209
instanceKlass org/openqa/selenium/json/MapCoercer$$Lambda$208
instanceKlass org/openqa/selenium/json/JsonInputIterator
instanceKlass org/openqa/selenium/json/JsonTypeCoercer$$Lambda$207
instanceKlass org/openqa/selenium/json/JsonTypeCoercer$$Lambda$206
instanceKlass org/openqa/selenium/json/JsonTypeCoercer$$Lambda$205
instanceKlass org/openqa/selenium/json/MapCoercer$$Lambda$204
instanceKlass org/openqa/selenium/json/JsonTypeCoercer$$Lambda$203
instanceKlass org/openqa/selenium/remote/Response
instanceKlass com/google/common/primitives/Primitives
instanceKlass org/openqa/selenium/json/Types
instanceKlass org/openqa/selenium/json/JsonTypeCoercer$$Lambda$202
instanceKlass org/openqa/selenium/json/JsonTypeCoercer$$Lambda$201
instanceKlass org/openqa/selenium/json/Input
instanceKlass org/openqa/selenium/json/JsonInput
instanceKlass org/openqa/selenium/remote/session/W3CPlatformNameNormaliser
instanceKlass org/openqa/selenium/remote/session/StripAnyPlatform
instanceKlass org/openqa/selenium/remote/session/ProxyTransform
instanceKlass org/openqa/selenium/remote/NewSessionPayload$$Lambda$200
instanceKlass org/openqa/selenium/remote/session/CapabilityTransform
instanceKlass org/openqa/selenium/remote/session/SafariFilter
instanceKlass org/openqa/selenium/remote/session/OperaFilter
instanceKlass org/openqa/selenium/remote/session/InternetExplorerFilter
instanceKlass org/openqa/selenium/remote/session/FirefoxFilter
instanceKlass org/openqa/selenium/remote/session/EdgeFilter
instanceKlass org/openqa/selenium/remote/session/ChromeFilter
instanceKlass org/openqa/selenium/remote/NewSessionPayload$$Lambda$199
instanceKlass org/openqa/selenium/remote/session/CapabilitiesFilter
instanceKlass com/google/common/io/CharStreams
instanceKlass org/openqa/selenium/json/JsonOutput$$Lambda$198
instanceKlass java/util/function/UnaryOperator
instanceKlass org/openqa/selenium/json/JsonOutput$$Lambda$197
instanceKlass org/openqa/selenium/json/JsonOutput$$Lambda$196
instanceKlass java/util/function/IntFunction
instanceKlass org/openqa/selenium/json/JsonOutput$$Lambda$195
instanceKlass java/lang/invoke/LambdaForm$DMH
instanceKlass org/openqa/selenium/json/JsonOutput$$Lambda$194
instanceKlass org/openqa/selenium/json/JsonOutput$$Lambda$193
instanceKlass com/google/common/collect/AbstractMultimap
instanceKlass com/google/common/collect/SetMultimap
instanceKlass com/google/common/collect/Multimap
instanceKlass org/openqa/selenium/json/JsonOutput$$Lambda$192
instanceKlass org/openqa/selenium/json/JsonOutput$$Lambda$191
instanceKlass org/openqa/selenium/json/JsonOutput$$Lambda$190
instanceKlass org/openqa/selenium/json/JsonOutput$$Lambda$189
instanceKlass org/openqa/selenium/json/JsonOutput$$Lambda$188
instanceKlass org/openqa/selenium/json/JsonOutput$$Lambda$187
instanceKlass org/openqa/selenium/json/JsonOutput$$Lambda$186
instanceKlass org/openqa/selenium/json/JsonOutput$$Lambda$185
instanceKlass org/openqa/selenium/json/JsonOutput$$Lambda$184
instanceKlass org/openqa/selenium/json/JsonOutput$$Lambda$183
instanceKlass org/openqa/selenium/json/JsonOutput$$Lambda$182
instanceKlass org/openqa/selenium/json/JsonOutput$$Lambda$181
instanceKlass org/openqa/selenium/json/JsonOutput$$Lambda$180
instanceKlass org/openqa/selenium/json/JsonOutput$$Lambda$179
instanceKlass org/openqa/selenium/json/JsonOutput$$Lambda$178
instanceKlass org/openqa/selenium/json/JsonOutput$$Lambda$177
instanceKlass org/openqa/selenium/json/JsonOutput$$Lambda$176
instanceKlass org/openqa/selenium/json/JsonOutput$$Lambda$175
instanceKlass org/openqa/selenium/remote/SessionId
instanceKlass org/openqa/selenium/json/JsonOutput$$Lambda$174
instanceKlass org/openqa/selenium/json/JsonOutput$$Lambda$173
instanceKlass org/openqa/selenium/json/JsonOutput$$Lambda$172
instanceKlass org/openqa/selenium/json/JsonOutput$$Lambda$171
instanceKlass org/openqa/selenium/json/JsonOutput$$Lambda$170
instanceKlass org/openqa/selenium/json/JsonOutput$$Lambda$169
instanceKlass org/openqa/selenium/json/JsonOutput$$Lambda$168
instanceKlass org/openqa/selenium/json/JsonOutput$$Lambda$167
instanceKlass org/openqa/selenium/json/JsonOutput$$Lambda$166
instanceKlass org/openqa/selenium/json/JsonOutput$$Lambda$165
instanceKlass org/openqa/selenium/json/JsonOutput$$Lambda$164
instanceKlass org/openqa/selenium/json/JsonOutput$$Lambda$163
instanceKlass org/openqa/selenium/json/JsonOutput$$Lambda$162
instanceKlass org/openqa/selenium/json/JsonOutput$$Lambda$161
instanceKlass org/openqa/selenium/json/JsonOutput$$Lambda$160
instanceKlass org/openqa/selenium/json/JsonOutput$$Lambda$159
instanceKlass org/openqa/selenium/json/JsonOutput$$Lambda$158
instanceKlass org/openqa/selenium/json/JsonOutput$$Lambda$157
instanceKlass org/openqa/selenium/json/JsonOutput$$Lambda$156
instanceKlass org/openqa/selenium/json/JsonOutput$$Lambda$155
instanceKlass org/openqa/selenium/json/JsonOutput$$Lambda$154
instanceKlass org/openqa/selenium/json/JsonOutput$SafeBiConsumer
instanceKlass org/openqa/selenium/json/JsonOutput$$Lambda$153
instanceKlass org/openqa/selenium/json/JsonOutput$Node
instanceKlass org/openqa/selenium/json/JsonOutput$$Lambda$152
instanceKlass com/google/common/collect/ImmutableMap$Builder
instanceKlass org/openqa/selenium/json/JsonOutput$$Lambda$151
instanceKlass com/google/gson/JsonElement
instanceKlass org/openqa/selenium/json/JsonOutput
instanceKlass org/openqa/selenium/json/JsonTypeCoercer$$Lambda$150
instanceKlass org/openqa/selenium/json/JsonTypeCoercer$$Lambda$149
instanceKlass org/openqa/selenium/json/JsonTypeCoercer$$Lambda$148
instanceKlass org/openqa/selenium/json/JsonTypeCoercer$$Lambda$147
instanceKlass java/util/stream/Collectors$$Lambda$146
instanceKlass java/util/stream/Collectors$$Lambda$145
instanceKlass org/openqa/selenium/json/JsonTypeCoercer$$Lambda$144
instanceKlass org/openqa/selenium/json/JsonTypeCoercer$$Lambda$143
instanceKlass org/openqa/selenium/json/JsonTypeCoercer$$Lambda$142
instanceKlass org/openqa/selenium/json/JsonTypeCoercer$$Lambda$141
instanceKlass org/openqa/selenium/json/JsonTypeCoercer$$Lambda$140
instanceKlass org/openqa/selenium/json/JsonTypeCoercer$$Lambda$139
instanceKlass org/openqa/selenium/json/JsonTypeCoercer$$Lambda$138
instanceKlass java/lang/invoke/LambdaForm$DMH
instanceKlass org/openqa/selenium/json/JsonTypeCoercer$$Lambda$137
instanceKlass org/openqa/selenium/json/JsonTypeCoercer$$Lambda$136
instanceKlass java/lang/invoke/LambdaForm$DMH
instanceKlass org/openqa/selenium/json/JsonTypeCoercer$$Lambda$135
instanceKlass java/lang/invoke/LambdaForm$DMH
instanceKlass org/openqa/selenium/json/JsonTypeCoercer$$Lambda$134
instanceKlass java/lang/invoke/LambdaForm$DMH
instanceKlass org/openqa/selenium/json/TypeCoercer
instanceKlass org/openqa/selenium/json/JsonTypeCoercer
instanceKlass com/google/common/reflect/TypeCapture
instanceKlass org/openqa/selenium/json/Json
instanceKlass java/util/stream/StreamSpliterators$WrappingSpliterator$$Lambda$133
instanceKlass com/google/common/collect/CollectCollectors$$Lambda$132
instanceKlass com/google/common/collect/CollectCollectors$$Lambda$131
instanceKlass com/google/common/collect/CollectCollectors$$Lambda$130
instanceKlass java/lang/invoke/LambdaForm$DMH
instanceKlass com/google/common/collect/CollectCollectors$$Lambda$129
instanceKlass com/google/common/collect/CollectCollectors$$Lambda$128
instanceKlass java/lang/invoke/LambdaForm$DMH
instanceKlass com/google/common/collect/CollectCollectors$$Lambda$127
instanceKlass com/google/common/collect/CollectCollectors$$Lambda$126
instanceKlass com/google/common/collect/CollectCollectors$$Lambda$125
instanceKlass com/google/common/collect/CollectCollectors
instanceKlass java/util/stream/Streams$2
instanceKlass java/util/stream/StreamSpliterators$AbstractWrappingSpliterator
instanceKlass java/util/stream/AbstractPipeline$$Lambda$124
instanceKlass java/util/stream/Streams$ConcatSpliterator
instanceKlass org/openqa/selenium/chrome/ChromeOptions$$Lambda$123
instanceKlass org/openqa/selenium/chrome/ChromeOptions$$Lambda$122
instanceKlass java/lang/invoke/LambdaForm$DMH
instanceKlass java/util/function/Predicate$$Lambda$121
instanceKlass java/lang/invoke/LambdaForm$DMH
instanceKlass java/util/regex/Pattern$$Lambda$120
instanceKlass java/util/regex/CharPredicates$$Lambda$119
instanceKlass org/openqa/selenium/remote/AcceptedW3CCapabilityKeys$$Lambda$118
instanceKlass java/lang/invoke/LambdaForm$DMH
instanceKlass org/openqa/selenium/remote/AcceptedW3CCapabilityKeys$$Lambda$117
instanceKlass org/openqa/selenium/remote/AcceptedW3CCapabilityKeys$$Lambda$116
instanceKlass org/openqa/selenium/remote/AcceptedW3CCapabilityKeys$$Lambda$115
instanceKlass org/openqa/selenium/remote/AcceptedW3CCapabilityKeys
instanceKlass org/openqa/selenium/remote/CommandCodec
instanceKlass org/openqa/selenium/remote/ResponseCodec
instanceKlass org/openqa/selenium/remote/NewSessionPayload
instanceKlass com/google/common/io/CharSource
instanceKlass com/google/common/hash/PrimitiveSink
instanceKlass com/google/common/io/ByteSource
instanceKlass org/openqa/selenium/logging/LogEntry$$Lambda$114
instanceKlass org/openqa/selenium/remote/ProtocolHandshake
instanceKlass sun/net/util/SocketExceptions
instanceKlass sun/net/www/http/HttpCapture$1
instanceKlass sun/net/www/http/HttpCapture
instanceKlass org/apache/commons/exec/StreamPumper
instanceKlass java/io/FileOutputStream$1
instanceKlass java/lang/ProcessImpl$2
instanceKlass java/lang/invoke/LambdaForm$MH
instanceKlass java/lang/ProcessHandleImpl$$Lambda$113
instanceKlass java/lang/invoke/LambdaForm$DMH
instanceKlass java/lang/invoke/LambdaForm$DMH
instanceKlass java/util/concurrent/FutureTask$WaitNode
instanceKlass java/lang/ProcessHandleImpl$$Lambda$112
instanceKlass java/lang/ProcessHandleImpl
instanceKlass java/lang/ProcessHandle
instanceKlass java/util/concurrent/FutureTask
instanceKlass java/util/concurrent/RunnableFuture
instanceKlass java/util/concurrent/Future
instanceKlass org/openqa/selenium/net/UrlChecker$$Lambda$110
instanceKlass java/lang/ProcessImpl$$Lambda$111
instanceKlass java/lang/invoke/LambdaForm$DMH
instanceKlass com/google/common/util/concurrent/SimpleTimeLimiter
instanceKlass java/util/concurrent/Executors
instanceKlass java/lang/ProcessBuilder
instanceKlass org/openqa/selenium/net/UrlChecker$$Lambda$109
instanceKlass org/apache/commons/exec/environment/DefaultProcessingEnvironment
instanceKlass org/apache/commons/exec/environment/EnvironmentUtils
instanceKlass com/google/common/util/concurrent/TimeLimiter
instanceKlass org/openqa/selenium/net/UrlChecker
instanceKlass org/apache/commons/exec/DefaultExecutor$1
instanceKlass org/apache/commons/exec/CommandLine$Argument
instanceKlass org/apache/commons/exec/util/StringUtils
instanceKlass org/apache/commons/exec/CommandLine
instanceKlass org/apache/commons/exec/OS
instanceKlass org/apache/commons/exec/launcher/CommandLauncherImpl
instanceKlass org/apache/commons/exec/launcher/CommandLauncher
instanceKlass org/apache/commons/exec/launcher/CommandLauncherFactory
instanceKlass org/apache/commons/exec/PumpStreamHandler
instanceKlass org/apache/commons/exec/DefaultExecutor
instanceKlass org/apache/commons/exec/DefaultExecuteResultHandler
instanceKlass org/apache/commons/exec/ExecuteResultHandler
instanceKlass org/apache/commons/exec/ExecuteStreamHandler
instanceKlass org/apache/commons/exec/ExecuteWatchdog
instanceKlass org/apache/commons/exec/TimeoutObserver
instanceKlass org/apache/commons/exec/Executor
instanceKlass org/openqa/selenium/os/OsProcess
instanceKlass com/google/common/collect/Platform
instanceKlass org/openqa/selenium/os/CommandLine
instanceKlass org/openqa/selenium/remote/Command
instanceKlass org/openqa/selenium/remote/RemoteLogs
instanceKlass org/openqa/selenium/logging/LoggingPreferences
instanceKlass org/openqa/selenium/remote/RemoteMouse
instanceKlass org/openqa/selenium/remote/RemoteKeyboard
instanceKlass org/openqa/selenium/remote/RemoteExecuteMethod
instanceKlass org/openqa/selenium/remote/internal/JsonToWebElementConverter
instanceKlass com/google/common/base/Function
instanceKlass java/util/logging/ErrorManager
instanceKlass org/openqa/selenium/remote/UselessFileDetector
instanceKlass org/openqa/selenium/remote/ErrorCodes$KnownError
instanceKlass org/openqa/selenium/remote/ErrorCodes
instanceKlass org/openqa/selenium/remote/ErrorHandler
instanceKlass okhttp3/internal/tls/BasicTrustRootIndex
instanceKlass okhttp3/internal/tls/TrustRootIndex
instanceKlass okhttp3/internal/tls/CertificateChainCleaner
instanceKlass okhttp3/internal/platform/Platform
instanceKlass org/openqa/selenium/remote/internal/OkHttpClient
instanceKlass org/openqa/selenium/remote/internal/OkHttpClient$Factory$1$$Lambda$108
instanceKlass okhttp3/Response
instanceKlass okhttp3/Interceptor$Chain
instanceKlass okhttp3/Interceptor
instanceKlass com/google/common/base/CommonPattern
instanceKlass com/google/common/base/Platform$JdkPatternCompiler
instanceKlass com/google/common/base/PatternCompiler
instanceKlass com/google/common/base/Platform
instanceKlass com/google/common/base/Strings
instanceKlass okhttp3/Dns$1
instanceKlass okhttp3/Dns
instanceKlass okhttp3/Authenticator$1
instanceKlass okhttp3/Authenticator
instanceKlass okhttp3/CertificatePinner$Builder
instanceKlass okhttp3/CertificatePinner
instanceKlass okhttp3/internal/tls/OkHostnameVerifier
instanceKlass okhttp3/CookieJar$1
instanceKlass okhttp3/CookieJar
instanceKlass okhttp3/EventListener$2
instanceKlass okhttp3/EventListener$Factory
instanceKlass okhttp3/EventListener
instanceKlass okhttp3/ConnectionSpec$Builder
instanceKlass okhttp3/CipherSuite$1
instanceKlass okhttp3/CipherSuite
instanceKlass okhttp3/ConnectionSpec
instanceKlass okhttp3/WebSocket
instanceKlass okhttp3/Call
instanceKlass okhttp3/internal/Internal
instanceKlass okhttp3/OkHttpClient
instanceKlass okhttp3/WebSocket$Factory
instanceKlass okhttp3/Call$Factory
instanceKlass okhttp3/Dispatcher
instanceKlass okhttp3/OkHttpClient$Builder
instanceKlass org/openqa/selenium/remote/http/HttpClient
instanceKlass org/openqa/selenium/logging/LocalLogs
instanceKlass org/openqa/selenium/remote/CommandInfo
instanceKlass okhttp3/internal/connection/RouteDatabase
instanceKlass okhttp3/ConnectionPool$1
instanceKlass java/util/concurrent/locks/AbstractQueuedSynchronizer$ConditionObject
instanceKlass java/util/concurrent/locks/Condition
instanceKlass okhttp3/internal/Util$2
instanceKlass java/io/ObjectOutput
instanceKlass java/lang/Throwable$PrintStreamOrWriter
instanceKlass okhttp3/internal/Util$1
instanceKlass java/io/ObjectStreamConstants
instanceKlass java/io/ObjectInput
instanceKlass okhttp3/RequestBody
instanceKlass okio/Util
instanceKlass okio/ByteString
instanceKlass okio/Buffer
instanceKlass okio/BufferedSink
instanceKlass okio/Sink
instanceKlass okio/BufferedSource
instanceKlass okio/Source
instanceKlass okhttp3/ResponseBody
instanceKlass okhttp3/internal/Util
instanceKlass java/util/concurrent/SynchronousQueue$TransferStack$SNode
instanceKlass java/util/concurrent/SynchronousQueue$Transferer
instanceKlass java/util/concurrent/ThreadPoolExecutor$AbortPolicy
instanceKlass java/util/concurrent/RejectedExecutionHandler
instanceKlass java/util/concurrent/AbstractExecutorService
instanceKlass okhttp3/ConnectionPool
instanceKlass org/openqa/selenium/remote/http/HttpClient$Builder
instanceKlass org/openqa/selenium/remote/internal/OkHttpClient$Factory
instanceKlass org/openqa/selenium/remote/http/HttpClient$Factory
instanceKlass org/openqa/selenium/logging/LogEntry
instanceKlass org/openqa/selenium/remote/HttpCommandExecutor
instanceKlass org/openqa/selenium/logging/NeedsLocalLogs
instanceKlass com/google/common/collect/PeekingIterator
instanceKlass com/google/common/collect/Iterators
instanceKlass java/lang/ProcessEnvironment$CheckedEntry
instanceKlass java/lang/ProcessEnvironment$CheckedEntrySet$1
instanceKlass java/lang/ProcessEnvironment$EntryComparator
instanceKlass java/lang/ProcessEnvironment$NameComparator
instanceKlass com/google/common/collect/CollectPreconditions
instanceKlass com/google/common/collect/ImmutableCollection$Builder
instanceKlass com/google/common/collect/Hashing
instanceKlass com/google/common/collect/ObjectArrays
instanceKlass org/openqa/selenium/os/ExecutableFinder
instanceKlass java/net/ServerSocket
instanceKlass org/openqa/selenium/net/FixedIANAPortRange
instanceKlass org/openqa/selenium/net/EphemeralPortRangeDetector
instanceKlass org/openqa/selenium/net/PortProber
instanceKlass com/google/common/collect/AbstractMapEntry
instanceKlass com/google/common/collect/BiMap
instanceKlass com/google/common/collect/ImmutableMap
instanceKlass org/openqa/selenium/remote/service/DriverService$Builder
instanceKlass org/openqa/selenium/interactions/TouchScreen
instanceKlass org/openqa/selenium/remote/service/DriverService
instanceKlass org/openqa/selenium/interactions/Mouse
instanceKlass org/openqa/selenium/interactions/Keyboard
instanceKlass org/openqa/selenium/WebDriver$TargetLocator
instanceKlass org/openqa/selenium/WebDriver$Navigation
instanceKlass org/openqa/selenium/WebDriver$Options
instanceKlass org/openqa/selenium/logging/Logs
instanceKlass org/openqa/selenium/remote/ExecuteMethod
instanceKlass org/openqa/selenium/remote/FileDetector
instanceKlass org/openqa/selenium/remote/CommandExecutor
instanceKlass org/openqa/selenium/remote/RemoteWebDriver
instanceKlass org/openqa/selenium/interactions/Interactive
instanceKlass org/openqa/selenium/HasCapabilities
instanceKlass org/openqa/selenium/interactions/HasInputDevices
instanceKlass org/openqa/selenium/internal/FindsByXPath
instanceKlass org/openqa/selenium/internal/FindsByTagName
instanceKlass org/openqa/selenium/internal/FindsByCssSelector
instanceKlass org/openqa/selenium/internal/FindsByName
instanceKlass org/openqa/selenium/internal/FindsByLinkText
instanceKlass org/openqa/selenium/internal/FindsByClassName
instanceKlass org/openqa/selenium/internal/FindsById
instanceKlass org/openqa/selenium/JavascriptExecutor
instanceKlass org/openqa/selenium/mobile/NetworkConnection
instanceKlass org/openqa/selenium/interactions/HasTouchScreen
instanceKlass org/openqa/selenium/html5/WebStorage
instanceKlass org/openqa/selenium/html5/LocationContext
instanceKlass com/google/common/base/Preconditions
instanceKlass com/google/common/collect/UnmodifiableIterator
instanceKlass org/openqa/selenium/AbstractCapabilities
instanceKlass org/openqa/selenium/Capabilities
instanceKlass sun/util/resources/provider/NonBaseLocaleDataMetaInfo
instanceKlass sun/util/locale/provider/JRELocaleProviderAdapter$$Lambda$107
instanceKlass sun/util/locale/provider/BaseLocaleDataMetaInfo
instanceKlass sun/util/locale/provider/JRELocaleProviderAdapter$$Lambda$106
instanceKlass sun/util/cldr/CLDRLocaleProviderAdapter$$Lambda$105
instanceKlass sun/util/locale/provider/TimeZoneNameUtility$TimeZoneNameGetter
instanceKlass sun/util/locale/provider/TimeZoneNameUtility
instanceKlass org/apache/log4j/spi/Filter
instanceKlass org/apache/log4j/helpers/AppenderAttachableImpl
instanceKlass org/apache/log4j/SortedKeyEnumeration
instanceKlass org/apache/log4j/spi/LoggingEvent
instanceKlass org/apache/log4j/config/PropertySetter
instanceKlass org/apache/log4j/helpers/FormattingInfo
instanceKlass org/apache/log4j/helpers/PatternConverter
instanceKlass org/apache/log4j/helpers/PatternParser
instanceKlass org/apache/log4j/helpers/OnlyOnceErrorHandler
instanceKlass org/apache/log4j/Layout
instanceKlass org/apache/log4j/PropertyConfigurator
instanceKlass org/testng/IHookCallBack
instanceKlass org/testng/IConfigureCallBack
instanceKlass org/testng/internal/MethodInvocationHelper
instanceKlass org/testng/internal/RuntimeBehavior
instanceKlass org/testng/Reporter
instanceKlass org/testng/IInvokedMethodListener2
instanceKlass org/testng/internal/invokers/InvokedMethodListenerInvoker$InvokeAfterInvocationWithoutContextStrategy
instanceKlass org/testng/internal/invokers/InvokedMethodListenerInvoker$InvokeBeforeInvocationWithoutContextStrategy
instanceKlass org/testng/internal/invokers/InvokedMethodListenerInvoker$InvokeAfterInvocationWithContextStrategy
instanceKlass org/testng/internal/invokers/InvokedMethodListenerInvoker$InvokeBeforeInvocationWithContextStrategy
instanceKlass org/testng/internal/invokers/InvokedMethodListenerInvoker$InvocationStrategy
instanceKlass org/testng/internal/invokers/InvokedMethodListenerInvoker
instanceKlass org/testng/internal/InvokedMethod
instanceKlass org/testng/internal/reflect/ReflectionRecipes$1
instanceKlass org/testng/annotations/NoInjection
instanceKlass org/testng/internal/TestResult
instanceKlass org/testng/IAlterTestName
instanceKlass org/testng/internal/thread/IExecutor
instanceKlass org/testng/internal/thread/IThreadFactory
instanceKlass java/util/concurrent/ExecutorService
instanceKlass java/util/concurrent/Executor
instanceKlass org/testng/internal/thread/ThreadUtil
instanceKlass org/testng/internal/reflect/ReflectionRecipes$ListBackedImmutableQueue
instanceKlass org/testng/internal/reflect/InjectableParameter$Assistant
instanceKlass org/testng/internal/reflect/AbstractMethodMatcher
instanceKlass org/testng/internal/reflect/Parameter
instanceKlass org/testng/internal/reflect/ReflectionRecipes
instanceKlass org/testng/internal/reflect/MethodMatcherContext
instanceKlass org/testng/internal/ParameterHandler$ParameterBag
instanceKlass org/testng/internal/ParameterHolder
instanceKlass org/testng/internal/collections/ArrayIterator
instanceKlass org/testng/IDataProviderMethod
instanceKlass java/util/concurrent/Callable
instanceKlass org/testng/internal/reflect/MethodMatcher
instanceKlass org/testng/internal/Parameters
instanceKlass org/testng/internal/Parameters$MethodParameters
instanceKlass org/testng/internal/ParameterHandler
instanceKlass org/testng/internal/Invoker$FailureContext
instanceKlass org/testng/internal/RegexpExpectedExceptionsHolder
instanceKlass org/testng/internal/ExpectedExceptionsHolder
instanceKlass org/testng/internal/TestNgMethodUtils
instanceKlass org/testng/internal/TestMethodWorker
instanceKlass org/testng/internal/AbstractParallelWorker
instanceKlass org/testng/internal/AbstractParallelWorker$Arguments
instanceKlass org/testng/internal/AbstractParallelWorker$Arguments$Builder
instanceKlass org/testng/internal/DynamicGraphHelper$1
instanceKlass org/testng/DependencyMap
instanceKlass org/testng/internal/DynamicGraph$Edge
instanceKlass org/testng/internal/DynamicGraph
instanceKlass org/testng/internal/DynamicGraphHelper
instanceKlass org/testng/internal/MethodInstance$1
instanceKlass org/testng/internal/MethodInstance
instanceKlass freemarker/ext/beans/SimpleMapModel$1
instanceKlass freemarker/ext/beans/_MethodUtil
instanceKlass freemarker/ext/beans/TypeFlags
instanceKlass freemarker/ext/beans/MaybeEmptyMemberAndArguments
instanceKlass freemarker/ext/beans/MaybeEmptyCallableMemberDescriptor
instanceKlass freemarker/ext/beans/OverloadedMethodsSubset
instanceKlass freemarker/core/_DelayedConversionToString
instanceKlass freemarker/ext/beans/OverloadedMethods
instanceKlass freemarker/ext/beans/BeansWrapper$MethodAppearanceDecision
instanceKlass java/lang/Class$$Lambda$104
instanceKlass java/io/Console
instanceKlass java/lang/Process
instanceKlass java/lang/reflect/AnnotatedType
instanceKlass freemarker/ext/beans/UnsafeMethods
instanceKlass java/lang/reflect/Executable$$Lambda$103
instanceKlass java/lang/reflect/Executable$$Lambda$102
instanceKlass java/lang/constant/DynamicConstantDesc
instanceKlass sun/reflect/generics/tree/IntSignature
instanceKlass sun/reflect/generics/tree/TypeVariableSignature
instanceKlass java/beans/SimpleBeanInfo
instanceKlass java/beans/Transient
instanceKlass java/util/Collections$UnmodifiableMap$UnmodifiableEntrySet$UnmodifiableEntry
instanceKlass java/util/Collections$UnmodifiableMap$UnmodifiableEntrySet$1
instanceKlass java/beans/BeanProperty
instanceKlass com/sun/beans/WildcardTypeImpl
instanceKlass com/sun/beans/introspect/PropertyInfo
instanceKlass com/sun/beans/introspect/EventSetInfo
instanceKlass java/util/stream/Collectors$$Lambda$101
instanceKlass java/util/stream/Collectors$$Lambda$100
instanceKlass java/util/stream/Collectors$$Lambda$99
instanceKlass java/util/stream/Collectors$$Lambda$98
instanceKlass java/lang/reflect/Executable$$Lambda$97
instanceKlass sun/reflect/generics/reflectiveObjects/ParameterizedTypeImpl
instanceKlass java/lang/reflect/ParameterizedType
instanceKlass sun/reflect/generics/reflectiveObjects/LazyReflectiveObjectGenerator
instanceKlass java/lang/reflect/WildcardType
instanceKlass sun/reflect/generics/tree/MethodTypeSignature
instanceKlass sun/reflect/generics/tree/Wildcard
instanceKlass sun/reflect/generics/tree/BottomSignature
instanceKlass java/lang/reflect/TypeVariable
instanceKlass sun/reflect/generics/tree/ClassSignature
instanceKlass sun/reflect/generics/tree/Signature
instanceKlass sun/reflect/generics/tree/FormalTypeParameter
instanceKlass sun/reflect/generics/repository/AbstractRepository
instanceKlass com/sun/beans/WeakCache
instanceKlass com/sun/beans/TypeResolver
instanceKlass java/beans/MethodRef
instanceKlass com/sun/beans/introspect/MethodInfo$MethodOrder
instanceKlass com/sun/beans/introspect/MethodInfo
instanceKlass com/sun/beans/util/Cache$Ref
instanceKlass com/sun/beans/util/Cache$CacheEntry
instanceKlass com/sun/beans/util/Cache
instanceKlass com/sun/beans/introspect/ClassInfo
instanceKlass javax/swing/SwingContainer
instanceKlass java/beans/JavaBean
instanceKlass com/sun/beans/finder/ClassFinder
instanceKlass java/beans/BeanInfo
instanceKlass com/sun/beans/finder/InstanceFinder
instanceKlass java/beans/WeakIdentityMap
instanceKlass java/beans/ThreadGroupContext
instanceKlass java/beans/Introspector$1
instanceKlass jdk/internal/access/JavaBeansAccess
instanceKlass java/beans/Introspector
instanceKlass freemarker/ext/beans/ClassIntrospector$MethodSignature
instanceKlass freemarker/ext/beans/BeanModel$1
instanceKlass freemarker/template/SimpleScalar
instanceKlass freemarker/template/TemplateScalarModel
instanceKlass freemarker/ext/beans/SimpleMethod
instanceKlass freemarker/core/_UnexpectedTypeErrorExplainerTemplateModel
instanceKlass freemarker/ext/beans/BeanModel
instanceKlass freemarker/template/TemplateBooleanModel
instanceKlass freemarker/template/utility/ClassUtil
instanceKlass freemarker/core/_ConcurrentMapFactory
instanceKlass freemarker/template/utility/SecurityUtilities$2
instanceKlass freemarker/template/utility/SecurityUtilities
instanceKlass java/beans/FeatureDescriptor
instanceKlass freemarker/ext/beans/ClassIntrospector
instanceKlass freemarker/template/TemplateHashModelEx
instanceKlass freemarker/template/TemplateModelWithAPISupport
instanceKlass freemarker/ext/util/WrapperTemplateModel
instanceKlass freemarker/template/AdapterTemplateModel
instanceKlass freemarker/template/TemplateCollectionModelEx
instanceKlass freemarker/template/TemplateCollectionModel
instanceKlass freemarker/template/WrappingTemplateModel
instanceKlass freemarker/template/TemplateSequenceModel
instanceKlass freemarker/ext/beans/BeansWrapper$3
instanceKlass freemarker/ext/beans/_BeansAPI
instanceKlass freemarker/ext/beans/BeansWrapperBuilder$BeansWrapperFactory
instanceKlass freemarker/ext/beans/ClassIntrospectorBuilder
instanceKlass freemarker/ext/beans/BeansWrapper$5
instanceKlass freemarker/ext/beans/BeansWrapper$4
instanceKlass freemarker/ext/util/ModelCache
instanceKlass freemarker/ext/beans/MethodAppearanceFineTuner
instanceKlass freemarker/ext/util/ModelFactory
instanceKlass freemarker/template/TemplateMethodModelEx
instanceKlass freemarker/template/TemplateMethodModel
instanceKlass freemarker/ext/beans/ClassBasedModelFactory
instanceKlass freemarker/template/TemplateHashModel
instanceKlass freemarker/template/TemplateModel
instanceKlass freemarker/ext/beans/BeansWrapper
instanceKlass freemarker/template/utility/WriteProtectable
instanceKlass freemarker/template/utility/RichObjectWrapper
instanceKlass freemarker/template/utility/ObjectWrapperWithAPISupport
instanceKlass freemarker/template/ObjectWrapperAndUnwrapper
instanceKlass freemarker/template/_TemplateAPI
instanceKlass java/text/CalendarBuilder
instanceKlass java/text/ParsePosition
instanceKlass freemarker/template/Version
instanceKlass org/apache/log4j/CategoryKey
instanceKlass org/apache/log4j/helpers/LogLog
instanceKlass sun/nio/ch/Interruptible
instanceKlass java/lang/reflect/AccessibleObject$$Lambda$96
instanceKlass org/apache/log4j/helpers/Loader
instanceKlass org/apache/log4j/spi/Configurator
instanceKlass org/apache/log4j/helpers/OptionConverter
instanceKlass org/apache/log4j/spi/DefaultRepositorySelector
instanceKlass org/apache/log4j/DefaultCategoryFactory
instanceKlass org/apache/log4j/or/DefaultRenderer
instanceKlass org/apache/log4j/or/ObjectRenderer
instanceKlass org/apache/log4j/or/RendererMap
instanceKlass org/apache/log4j/spi/LoggerFactory
instanceKlass org/apache/log4j/Hierarchy
instanceKlass org/apache/log4j/spi/ThrowableRendererSupport
instanceKlass org/apache/log4j/spi/RendererSupport
instanceKlass org/apache/log4j/spi/RepositorySelector
instanceKlass org/apache/log4j/spi/LoggerRepository
instanceKlass org/apache/log4j/LogManager
instanceKlass freemarker/log/_Log4jLoggerFactory
instanceKlass org/apache/log4j/spi/ErrorHandler
instanceKlass org/apache/log4j/AppenderSkeleton
instanceKlass org/apache/log4j/spi/OptionHandler
instanceKlass org/apache/log4j/Appender
instanceKlass org/slf4j/Logger
instanceKlass org/apache/log4j/Priority
instanceKlass org/apache/log4j/Category
instanceKlass org/apache/log4j/spi/AppenderAttachable
instanceKlass freemarker/log/Logger$1
instanceKlass freemarker/log/LoggerFactory
instanceKlass freemarker/log/Logger
instanceKlass freemarker/template/ObjectWrapper
instanceKlass freemarker/cache/TemplateLoader
instanceKlass freemarker/cache/CacheStorage
instanceKlass freemarker/core/TemplateClassResolver
instanceKlass freemarker/core/FMParserConstants
instanceKlass freemarker/core/ArithmeticEngine
instanceKlass freemarker/core/Configurable
instanceKlass freemarker/ext/beans/_BeansAPI$_BeansWrapperSubclassFactory
instanceKlass freemarker/ext/beans/BeansWrapperConfiguration
instanceKlass com/aventstack/extentreports/viewdefs/Icon
instanceKlass com/aventstack/extentreports/ExtentReports$$Lambda$95
instanceKlass com/aventstack/extentreports/ExceptionTestContextImpl
instanceKlass com/aventstack/extentreports/TestAttributeTestContextProvider
instanceKlass com/aventstack/extentreports/SessionStatusStats
instanceKlass com/aventstack/extentreports/SystemAttributeContext
instanceKlass com/aventstack/extentreports/model/Attribute
instanceKlass com/aventstack/extentreports/Report
instanceKlass com/aventstack/extentreports/IReport
instanceKlass com/aventstack/extentreports/configuration/ConfigMap$$Lambda$94
instanceKlass com/aventstack/extentreports/reporter/AbstractReporter$$Lambda$93
instanceKlass com/sun/org/apache/xerces/internal/dom/DeepNodeListImpl
instanceKlass org/w3c/dom/CDATASection
instanceKlass org/w3c/dom/Comment
instanceKlass com/sun/org/apache/xerces/internal/dom/CharacterDataImpl$1
instanceKlass org/w3c/dom/Text
instanceKlass org/w3c/dom/CharacterData
instanceKlass com/sun/org/apache/xerces/internal/dom/DeferredDocumentImpl$RefCount
instanceKlass com/sun/org/apache/xerces/internal/dom/NodeListCache
instanceKlass org/w3c/dom/TypeInfo
instanceKlass org/w3c/dom/ElementTraversal
instanceKlass org/w3c/dom/Element
instanceKlass org/w3c/dom/DocumentType
instanceKlass com/sun/org/apache/xerces/internal/dom/NodeImpl
instanceKlass org/w3c/dom/events/EventTarget
instanceKlass org/w3c/dom/NodeList
instanceKlass org/w3c/dom/Document
instanceKlass org/w3c/dom/ranges/DocumentRange
instanceKlass org/w3c/dom/events/DocumentEvent
instanceKlass org/w3c/dom/traversal/DocumentTraversal
instanceKlass com/sun/org/apache/xerces/internal/dom/DeferredNode
instanceKlass org/w3c/dom/Node
instanceKlass javax/xml/parsers/DocumentBuilder
instanceKlass javax/xml/parsers/DocumentBuilderFactory
instanceKlass com/aventstack/extentreports/configuration/ConfigLoader
instanceKlass java/util/stream/MatchOps$$Lambda$92
instanceKlass java/util/stream/MatchOps$BooleanTerminalSink
instanceKlass java/util/stream/MatchOps$MatchOp
instanceKlass java/util/stream/MatchOps
instanceKlass com/aventstack/extentreports/configuration/ConfigMap$$Lambda$91
instanceKlass com/aventstack/extentreports/configuration/Config
instanceKlass com/aventstack/extentreports/reporter/AbstractReporter$$Lambda$90
instanceKlass com/aventstack/extentreports/reporter/configuration/BasicConfiguration
instanceKlass com/aventstack/extentreports/reporter/configuration/IReporterConfiguration
instanceKlass com/aventstack/extentreports/configuration/ConfigMap
instanceKlass java/util/logging/Logger$SystemLoggerHelper$1
instanceKlass java/util/logging/Logger$SystemLoggerHelper
instanceKlass java/util/logging/LogManager$4
instanceKlass jdk/internal/logger/BootstrapLogger$BootstrapExecutors
instanceKlass java/io/FilePermission$1
instanceKlass jdk/internal/access/JavaIOFilePermissionAccess
instanceKlass jdk/internal/logger/LoggerFinderLoader
instanceKlass java/lang/System$LoggerFinder$$Lambda$89
instanceKlass java/util/stream/Streams
instanceKlass java/util/stream/Streams$AbstractStreamBuilderImpl
instanceKlass java/util/stream/Stream$Builder
instanceKlass java/util/stream/FindOps$FindSink$OfRef$$Lambda$88
instanceKlass java/util/stream/FindOps$FindSink$OfRef$$Lambda$87
instanceKlass java/util/stream/FindOps$FindSink$OfRef$$Lambda$86
instanceKlass java/util/stream/FindOps$FindSink$OfRef$$Lambda$85
instanceKlass java/util/logging/Level$KnownLevel$$Lambda$84
instanceKlass java/util/ArrayList$ArrayListSpliterator
instanceKlass java/util/logging/Level$$Lambda$83
instanceKlass java/util/logging/LogManager$LoggerContext$1
instanceKlass java/util/logging/LogManager$VisitedLoggers
instanceKlass java/util/logging/LogManager$2
instanceKlass sun/security/util/SecurityProperties
instanceKlass sun/security/util/FilePermCompat
instanceKlass java/util/logging/LogManager$LoggingProviderAccess
instanceKlass java/lang/Shutdown$Lock
instanceKlass java/lang/Shutdown
instanceKlass java/lang/ApplicationShutdownHooks$1
instanceKlass java/lang/ApplicationShutdownHooks
instanceKlass java/util/logging/LogManager$LogNode
instanceKlass java/util/logging/LogManager$LoggerContext
instanceKlass java/util/logging/LogManager$1
instanceKlass java/util/logging/LogManager
instanceKlass java/util/logging/Logger$ConfigurationData
instanceKlass java/util/logging/Logger$LoggerBundle
instanceKlass java/util/logging/Level$KnownLevel$$Lambda$82
instanceKlass java/util/logging/Level$KnownLevel$$Lambda$81
instanceKlass java/util/logging/Level
instanceKlass java/util/logging/Handler
instanceKlass java/util/logging/Logger
instanceKlass com/aventstack/extentreports/reporter/AbstractReporter
instanceKlass com/aventstack/extentreports/ExtentReporter
instanceKlass com/aventstack/extentreports/IAnalysisStrategy
instanceKlass com/aventstack/extentreports/ReportAggregatesListener
instanceKlass com/aventstack/extentreports/TestListener
instanceKlass com/aventstack/extentreports/reporter/ReportAppendable
instanceKlass java/text/DontCareFieldPosition$1
instanceKlass java/text/Format$FieldDelegate
instanceKlass java/text/DigitList
instanceKlass java/text/FieldPosition
instanceKlass java/util/stream/Collectors$$Lambda$80
instanceKlass java/util/stream/Collectors$$Lambda$79
instanceKlass java/util/stream/Collectors$$Lambda$78
instanceKlass sun/util/locale/provider/NumberFormatProviderImpl$$Lambda$77
instanceKlass sun/util/locale/provider/NumberFormatProviderImpl$$Lambda$76
instanceKlass sun/text/resources/PluralRules
instanceKlass sun/util/locale/provider/JRELocaleProviderAdapter$$Lambda$75
instanceKlass sun/util/locale/provider/JRELocaleProviderAdapter$$Lambda$74
instanceKlass java/text/DateFormatSymbols
instanceKlass sun/util/cldr/CLDRLocaleProviderAdapter$$Lambda$73
instanceKlass sun/util/locale/provider/CalendarDataUtility$CalendarWeekParameterGetter
instanceKlass sun/util/locale/provider/LocaleServiceProviderPool$LocalizedObjectGetter
instanceKlass sun/util/locale/provider/LocaleServiceProviderPool
instanceKlass java/util/Calendar$Builder
instanceKlass sun/util/locale/provider/JRELocaleProviderAdapter$$Lambda$72
instanceKlass java/util/zip/Checksum$1
instanceKlass java/util/zip/CRC32
instanceKlass java/util/zip/Checksum
instanceKlass sun/util/calendar/ZoneInfoFile$ZoneOffsetTransitionRule
instanceKlass sun/util/calendar/ZoneInfoFile$1
instanceKlass sun/util/calendar/ZoneInfoFile
instanceKlass java/util/TimeZone
instanceKlass java/util/Calendar
instanceKlass java/text/AttributedCharacterIterator$Attribute
instanceKlass java/text/Format
instanceKlass org/testng/SuiteRunnerWorker
instanceKlass org/testng/internal/thread/graph/IWorker
instanceKlass java/util/concurrent/ConcurrentLinkedDeque$Node
instanceKlass java/util/regex/Pattern$$Lambda$71
instanceKlass org/testng/reporters/JUnitXMLReporter
instanceKlass org/testng/reporters/TestHTMLReporter$ConfigurationComparator
instanceKlass org/testng/reporters/TestHTMLReporter$NameComparator
instanceKlass org/testng/internal/DefaultListenerFactory
instanceKlass org/testng/ITestNGListenerFactory
instanceKlass org/testng/internal/TestListenerHelper$ListenerHolder
instanceKlass org/testng/internal/TestListenerHelper
instanceKlass org/testng/internal/ConfigurationGroupMethods
instanceKlass org/testng/ClassMethodMap
instanceKlass org/testng/internal/DefaultMethodSelectorContext
instanceKlass org/testng/internal/Graph$Node
instanceKlass org/testng/internal/MethodInheritance$1
instanceKlass org/testng/internal/MethodInheritance
instanceKlass org/testng/internal/MethodHelper$1
instanceKlass org/testng/internal/Graph
instanceKlass org/testng/internal/MethodGroupsHelper
instanceKlass org/testng/internal/MethodHelper
instanceKlass org/testng/internal/TestNGMethodFinder$2
instanceKlass java/lang/Deprecated
instanceKlass org/testng/IAnnotationTransformer2
instanceKlass org/testng/internal/ConstructorOrMethod
instanceKlass org/testng/internal/TestNGMethod$1
instanceKlass org/testng/internal/BaseTestMethod$1
instanceKlass org/testng/internal/BaseTestMethod
instanceKlass org/testng/ITest
instanceKlass com/sunmobility/qa/Utilites/Readconfig
instanceKlass org/testng/annotations/Guice
instanceKlass org/testng/collections/Objects$ValueHolder
instanceKlass org/testng/collections/Objects$ToStringHelper
instanceKlass org/testng/collections/Objects
instanceKlass org/testng/internal/NoOpTestClass
instanceKlass org/testng/ITestClass
instanceKlass org/testng/internal/TestNGMethodFinder$1
instanceKlass org/testng/internal/TestNGMethodFinder
instanceKlass org/testng/internal/ClassImpl
instanceKlass org/testng/util/Strings
instanceKlass java/lang/Package$1PackageInfoProxy
instanceKlass java/lang/Package$$Lambda$70
instanceKlass org/testng/annotations/Ignore
instanceKlass org/testng/IRetryAnalyzer
instanceKlass java/lang/Class$AnnotationData
instanceKlass org/testng/internal/annotations/BaseAnnotation
instanceKlass org/testng/internal/reflect/ReflectionHelper
instanceKlass org/testng/annotations/IConfigurationAnnotation
instanceKlass org/testng/internal/annotations/AnnotationHelper
instanceKlass java/lang/WeakPairMap$$Lambda$69
instanceKlass java/lang/Module$$Lambda$68
instanceKlass java/lang/module/ModuleDescriptor$Builder$$Lambda$67
instanceKlass java/lang/module/ModuleDescriptor$Builder
instanceKlass java/lang/reflect/Proxy$ProxyBuilder$$Lambda$66
instanceKlass jdk/internal/HotSpotIntrinsicCandidate
instanceKlass java/lang/annotation/Documented
instanceKlass org/testng/internal/collections/Pair
instanceKlass java/lang/annotation/Target
instanceKlass java/lang/reflect/Proxy$ProxyBuilder$1
instanceKlass jdk/internal/org/objectweb/asm/Edge
instanceKlass java/lang/reflect/ProxyGenerator$PrimitiveTypeInfo
instanceKlass java/lang/reflect/ProxyGenerator$$Lambda$65
instanceKlass java/lang/reflect/ProxyGenerator$$Lambda$64
instanceKlass java/lang/reflect/ProxyGenerator$ProxyMethod
instanceKlass java/lang/reflect/Proxy$$Lambda$63
instanceKlass java/lang/reflect/Proxy$ProxyBuilder
instanceKlass java/lang/reflect/Proxy$$Lambda$62
instanceKlass java/lang/reflect/Proxy
instanceKlass sun/reflect/annotation/AnnotationInvocationHandler
instanceKlass java/lang/reflect/InvocationHandler
instanceKlass sun/reflect/annotation/AnnotationParser$1
instanceKlass java/lang/annotation/Inherited
instanceKlass java/lang/annotation/Retention
instanceKlass sun/reflect/annotation/AnnotationParser$$Lambda$61
instanceKlass sun/reflect/annotation/ExceptionProxy
instanceKlass sun/reflect/annotation/AnnotationType$1
instanceKlass sun/reflect/annotation/AnnotationType
instanceKlass java/lang/reflect/GenericArrayType
instanceKlass sun/reflect/generics/visitor/Reifier
instanceKlass sun/reflect/generics/visitor/TypeTreeVisitor
instanceKlass sun/reflect/generics/factory/CoreReflectionFactory
instanceKlass sun/reflect/generics/factory/GenericsFactory
instanceKlass sun/reflect/generics/scope/AbstractScope
instanceKlass sun/reflect/generics/scope/Scope
instanceKlass sun/reflect/generics/tree/ClassTypeSignature
instanceKlass sun/reflect/generics/tree/SimpleClassTypeSignature
instanceKlass sun/reflect/generics/tree/FieldTypeSignature
instanceKlass sun/reflect/generics/tree/BaseType
instanceKlass sun/reflect/generics/tree/TypeSignature
instanceKlass sun/reflect/generics/tree/ReturnType
instanceKlass sun/reflect/generics/tree/TypeArgument
instanceKlass sun/reflect/generics/tree/TypeTree
instanceKlass sun/reflect/generics/tree/Tree
instanceKlass sun/reflect/generics/parser/SignatureParser
instanceKlass org/openqa/selenium/WebElement
instanceKlass org/openqa/selenium/TakesScreenshot
instanceKlass org/openqa/selenium/WebDriver
instanceKlass org/openqa/selenium/SearchContext
instanceKlass java/lang/PublicMethods
instanceKlass org/testng/internal/ObjectFactoryImpl
instanceKlass org/testng/IObjectFactory
instanceKlass org/testng/ITestObjectFactory
instanceKlass org/testng/internal/BaseClassFinder
instanceKlass org/testng/ITestClassFinder
instanceKlass java/lang/Class$2
instanceKlass org/testng/internal/ClassInfoMap
instanceKlass org/testng/internal/MethodSelectorDescriptor
instanceKlass org/testng/internal/GroupsHelper
instanceKlass org/testng/internal/Invoker$SameClassNamePredicate
instanceKlass org/testng/internal/Invoker$CanRunFromClassPredicate
instanceKlass org/testng/IMethodInstance
instanceKlass org/testng/IExpectedExceptionsHolder
instanceKlass org/testng/IInvokedMethod
instanceKlass org/testng/IClass
instanceKlass org/testng/ITestResult
instanceKlass org/testng/internal/Invoker$Predicate
instanceKlass org/testng/internal/Invoker
instanceKlass org/testng/PreserveOrderMethodInterceptor
instanceKlass org/testng/IMethodSelectorContext
instanceKlass org/testng/internal/RunInfo
instanceKlass org/testng/internal/ResultMap
instanceKlass org/testng/internal/Bsh
instanceKlass bsh/Interpreter
instanceKlass bsh/ConsoleInterface
instanceKlass org/testng/internal/Dynamic
instanceKlass org/testng/collections/MultiMap
instanceKlass org/testng/internal/IBsh
instanceKlass org/testng/internal/XmlMethodSelector
instanceKlass org/testng/ITestNGMethod
instanceKlass org/testng/TestRunner$ConfigurationListener
instanceKlass org/testng/GuiceHelper
instanceKlass org/testng/IMethodSelector
instanceKlass org/testng/ITestMethodFinder
instanceKlass org/testng/internal/IInvoker
instanceKlass org/testng/IResultMap
instanceKlass org/testng/TestRunner
instanceKlass org/testng/SuiteRunner$1
instanceKlass org/testng/SuiteRunner$DefaultTestRunnerFactory
instanceKlass org/testng/internal/Attributes
instanceKlass java/util/concurrent/atomic/AtomicBoolean
instanceKlass org/testng/SuiteRunState
instanceKlass org/testng/internal/Systematiser$3
instanceKlass org/testng/internal/Systematiser$4
instanceKlass org/testng/internal/Systematiser
instanceKlass org/testng/ITestContext
instanceKlass org/testng/ITestRunnerFactory2
instanceKlass org/testng/ITestRunnerFactory
instanceKlass org/testng/SuiteRunner
instanceKlass org/testng/internal/SuiteRunnerMap
instanceKlass org/testng/xml/internal/XmlSuiteUtils
instanceKlass org/testng/reporters/JUnitReportReporter
instanceKlass org/testng/reporters/EmailableReporter2
instanceKlass org/testng/reporters/XMLReporterConfig
instanceKlass org/testng/reporters/XMLReporter
instanceKlass org/testng/reporters/jq/Main
instanceKlass org/testng/reporters/SuiteHTMLReporter
instanceKlass java/util/BitSet
instanceKlass org/testng/internal/ExitCode
instanceKlass org/testng/internal/ExitCodeListener
instanceKlass org/testng/TestListenerAdapter
instanceKlass org/testng/internal/IResultListener2
instanceKlass org/testng/IConfigurationListener2
instanceKlass com/sunmobility/qa/RegressionTestcases/Baseclass
instanceKlass org/testng/internal/ITestResultNotifier
instanceKlass org/testng/internal/ClassHelper
instanceKlass org/testng/xml/XmlClass
instanceKlass org/testng/xml/XmlRun
instanceKlass com/sun/org/apache/xerces/internal/impl/dtd/models/CMStateSet
instanceKlass com/sun/org/apache/xerces/internal/impl/dtd/models/DFAContentModel
instanceKlass com/sun/org/apache/xerces/internal/impl/dtd/models/CMNode
instanceKlass org/testng/xml/XmlGroups
instanceKlass org/testng/xml/TestNGContentHandler$1
instanceKlass java/util/UUID$Holder
instanceKlass java/util/UUID
instanceKlass org/testng/xml/XmlTest
instanceKlass com/sun/org/apache/xerces/internal/impl/dtd/models/SimpleContentModel
instanceKlass org/apache/maven/surefire/util/internal/ByteBuffer
instanceKlass com/sun/org/apache/xerces/internal/impl/Constants$ArrayEnumeration
instanceKlass com/sun/org/apache/xerces/internal/impl/Constants
instanceKlass sun/net/www/http/KeepAliveEntry
instanceKlass sun/net/www/http/KeepAliveCache$1
instanceKlass sun/net/www/http/KeepAliveStreamCleaner$2
instanceKlass sun/net/www/http/KeepAliveStreamCleaner$1
instanceKlass sun/net/www/http/Hurryable
instanceKlass sun/net/www/HeaderParser
instanceKlass sun/net/www/protocol/http/AuthCacheImpl
instanceKlass sun/net/www/protocol/http/AuthCache
instanceKlass sun/net/www/protocol/http/AuthCacheValue
instanceKlass sun/net/DefaultProgressMeteringPolicy
instanceKlass sun/net/ProgressMeteringPolicy
instanceKlass sun/security/ssl/TransportContext$NotifyHandshake$1
instanceKlass sun/net/ProgressMonitor
instanceKlass sun/security/ssl/TransportContext$NotifyHandshake
instanceKlass java/util/EventObject
instanceKlass sun/security/util/ArrayUtil$$Lambda$60
instanceKlass sun/security/util/ArrayUtil
instanceKlass com/sun/crypto/provider/GHASH
instanceKlass javax/crypto/spec/GCMParameterSpec
instanceKlass sun/security/ssl/ChangeCipherSpec$T13ChangeCipherSpecConsumer
instanceKlass sun/security/ssl/ChangeCipherSpec$T10ChangeCipherSpecProducer
instanceKlass sun/security/ssl/ChangeCipherSpec$T10ChangeCipherSpecConsumer
instanceKlass sun/security/ssl/ChangeCipherSpec
instanceKlass sun/security/internal/spec/TlsPrfParameterSpec
instanceKlass sun/security/ssl/Finished$1
instanceKlass sun/security/ssl/Finished$T13VerifyDataGenerator
instanceKlass sun/security/ssl/Finished$T12VerifyDataGenerator
instanceKlass sun/security/ssl/Finished$T10VerifyDataGenerator
instanceKlass sun/security/ssl/Finished$S30VerifyDataGenerator
instanceKlass sun/security/ssl/Finished$VerifyDataGenerator
instanceKlass sun/security/internal/spec/TlsKeyMaterialSpec
instanceKlass javax/crypto/spec/IvParameterSpec
instanceKlass sun/security/internal/spec/TlsKeyMaterialParameterSpec
instanceKlass sun/security/ssl/SSLTrafficKeyDerivation$LegacyTrafficKeyDerivation
instanceKlass sun/security/ssl/SSLTrafficKeyDerivation$1
instanceKlass sun/security/ssl/SSLTrafficKeyDerivation$T13TrafficKeyDerivationGenerator
instanceKlass sun/security/ssl/SSLTrafficKeyDerivation$T12TrafficKeyDerivationGenerator
instanceKlass sun/security/ssl/SSLTrafficKeyDerivation$T10TrafficKeyDerivationGenerator
instanceKlass sun/security/ssl/SSLTrafficKeyDerivation$S30TrafficKeyDerivationGenerator
instanceKlass com/sun/crypto/provider/TlsMasterSecretGenerator$TlsMasterSecretKey
instanceKlass sun/security/internal/interfaces/TlsMasterSecret
instanceKlass sun/security/internal/spec/TlsMasterSecretParameterSpec
instanceKlass sun/security/ssl/SSLMasterKeyDerivation$LegacyMasterKeyDerivation
instanceKlass sun/security/ssl/SSLMasterKeyDerivation$1
instanceKlass sun/security/ssl/SSLKeyDerivationGenerator
instanceKlass javax/crypto/spec/SecretKeySpec
instanceKlass sun/security/ec/XDHKeyAgreement$$Lambda$59
instanceKlass sun/security/ec/XDHKeyAgreement$$Lambda$58
instanceKlass sun/security/ec/XDHKeyAgreement$$Lambda$57
instanceKlass sun/security/ec/XDHKeyAgreement$$Lambda$56
instanceKlass javax/crypto/KeyAgreementSpi
instanceKlass sun/security/ssl/KAKeyDerivation
instanceKlass sun/security/ssl/ECDHKeyExchange$1
instanceKlass sun/security/ssl/ECDHKeyExchange$ECDHEPossession
instanceKlass sun/security/ssl/ECDHClientKeyExchange$ECDHEClientKeyExchangeProducer
instanceKlass sun/security/ssl/ECDHClientKeyExchange$ECDHEClientKeyExchangeConsumer
instanceKlass sun/security/ssl/ECDHClientKeyExchange$ECDHClientKeyExchangeProducer
instanceKlass sun/security/ssl/ECDHClientKeyExchange$ECDHClientKeyExchangeConsumer
instanceKlass sun/security/ssl/ECDHClientKeyExchange
instanceKlass sun/security/rsa/MGF1
instanceKlass sun/security/ec/XDHKeyFactory$$Lambda$55
instanceKlass sun/security/ec/XDHKeyFactory$$Lambda$54
instanceKlass java/security/spec/XECPublicKeySpec
instanceKlass sun/security/ssl/XDHKeyExchange$XDHECredentials
instanceKlass sun/security/ssl/NamedGroupCredentials
instanceKlass sun/security/ssl/ECDHServerKeyExchange$ECDHServerKeyExchangeMessage$$Lambda$53
instanceKlass java/lang/invoke/LambdaForm$DMH
instanceKlass sun/security/ssl/ECDHServerKeyExchange$ECDHServerKeyExchangeProducer
instanceKlass sun/security/ssl/ECDHServerKeyExchange$ECDHServerKeyExchangeConsumer
instanceKlass sun/security/ssl/ECDHServerKeyExchange
instanceKlass sun/security/util/HostnameChecker
instanceKlass java/time/temporal/ValueRange
instanceKlass java/time/Duration
instanceKlass java/time/temporal/TemporalAmount
instanceKlass java/time/temporal/TemporalUnit
instanceKlass java/time/temporal/TemporalField
instanceKlass java/time/LocalDate
instanceKlass java/time/chrono/ChronoLocalDate
instanceKlass java/time/temporal/Temporal
instanceKlass java/time/temporal/TemporalAdjuster
instanceKlass java/time/temporal/TemporalAccessor
instanceKlass sun/security/validator/SymantecTLSPolicy
instanceKlass java/util/RegularEnumSet$EnumSetIterator
instanceKlass sun/security/validator/CADistrustPolicy$2
instanceKlass java/util/Vector$Itr
instanceKlass java/security/cert/PKIXCertPathValidatorResult
instanceKlass java/security/cert/CertPathValidatorResult
instanceKlass sun/security/rsa/RSAPadding
instanceKlass sun/security/rsa/RSACore
instanceKlass sun/security/rsa/RSAUtil$1
instanceKlass java/security/interfaces/RSAPrivateCrtKey
instanceKlass java/security/interfaces/RSAPrivateKey
instanceKlass sun/security/util/SignatureUtil
instanceKlass jdk/internal/reflect/UnsafeFieldAccessorFactory
instanceKlass java/security/interfaces/DSAPublicKey
instanceKlass java/security/interfaces/DSAKey
instanceKlass javax/crypto/SecretKey
instanceKlass sun/security/util/Length
instanceKlass sun/security/util/ConstraintsParameters
instanceKlass sun/security/provider/certpath/PKIXMasterCertPathValidator
instanceKlass sun/security/provider/certpath/PolicyNodeImpl
instanceKlass java/security/cert/PolicyNode
instanceKlass sun/security/util/AnchorCertificates$1
instanceKlass sun/security/util/AnchorCertificates
instanceKlass sun/security/x509/X509CertImpl$$Lambda$52
instanceKlass sun/security/util/UntrustedCertificates$1
instanceKlass sun/security/util/UntrustedCertificates
instanceKlass sun/security/provider/certpath/CertPathHelper
instanceKlass java/security/cert/X509CertSelector
instanceKlass java/security/cert/CertSelector
instanceKlass sun/security/provider/certpath/PKIX$ValidatorParams
instanceKlass sun/security/provider/certpath/PKIX
instanceKlass java/security/cert/CertPath
instanceKlass java/security/cert/CertPathValidatorSpi
instanceKlass java/security/cert/CertPathValidator
instanceKlass java/security/cert/PKIXCertPathChecker
instanceKlass java/security/cert/CertPathChecker
instanceKlass java/security/Timestamp
instanceKlass sun/security/ssl/SSLAlgorithmConstraints$SupportedSignatureAlgorithmConstraints
instanceKlass sun/text/normalizer/CodePointTrie$Data
instanceKlass sun/text/normalizer/CodePointTrie$1
instanceKlass sun/text/normalizer/CodePointMap
instanceKlass sun/text/normalizer/NormalizerImpl$IsAcceptable
instanceKlass sun/text/normalizer/NormalizerImpl
instanceKlass sun/text/normalizer/Norm2AllModes$Norm2AllModesSingleton
instanceKlass sun/text/normalizer/Norm2AllModes$NFKCSingleton
instanceKlass sun/text/normalizer/Norm2AllModes
instanceKlass sun/text/normalizer/Normalizer2
instanceKlass sun/text/normalizer/NormalizerBase$ModeImpl
instanceKlass sun/text/normalizer/NormalizerBase$NFKDModeImpl
instanceKlass sun/text/normalizer/NormalizerBase$1
instanceKlass sun/text/normalizer/NormalizerBase$Mode
instanceKlass sun/text/normalizer/NormalizerBase
instanceKlass java/text/Normalizer
instanceKlass sun/security/pkcs/SignerInfo
instanceKlass sun/security/pkcs/PKCS9Attribute
instanceKlass sun/security/x509/AVAKeyword
instanceKlass java/util/StringJoiner
instanceKlass java/security/cert/PKIXParameters
instanceKlass java/security/cert/CertPathParameters
instanceKlass java/security/cert/TrustAnchor
instanceKlass sun/security/validator/EndEntityChecker
instanceKlass sun/security/validator/Validator
instanceKlass javax/net/ssl/SSLEngine
instanceKlass sun/security/ssl/X509Authentication$X509Credentials
instanceKlass sun/security/ssl/X509Authentication$X509PossessionGenerator
instanceKlass sun/security/ssl/SSLAuthentication
instanceKlass sun/security/ssl/SSLKeyExchange$SSLKeyExECDHERSAOrPSS
instanceKlass sun/security/ssl/SSLKeyExchange$1
instanceKlass sun/security/ssl/ServerNameExtension$SHServerNamesSpec
instanceKlass sun/security/ssl/RenegoInfoExtension$RenegotiationInfoSpec
instanceKlass sun/security/ssl/HandshakeHash$NonCloneableHash
instanceKlass sun/security/ssl/HandshakeHash$T12HandshakeHash
instanceKlass sun/security/ssl/TransportContext$1
instanceKlass sun/security/ssl/Plaintext
instanceKlass sun/security/ssl/OutputRecord$T13PaddingHolder
instanceKlass sun/security/ssl/KeyShareExtension$CHKeyShareSpec
instanceKlass sun/security/ssl/XDHKeyExchange$1
instanceKlass sun/security/ssl/KeyShareExtension$KeyShareEntry
instanceKlass sun/security/pkcs/PKCS8Key
instanceKlass java/security/interfaces/XECPrivateKey
instanceKlass java/security/interfaces/XECPublicKey
instanceKlass java/security/interfaces/XECKey
instanceKlass java/security/KeyPair
instanceKlass sun/security/util/math/MutableIntegerModuloP
instanceKlass sun/security/jca/JCAUtil$CachedSecureRandomHolder
instanceKlass sun/security/jca/JCAUtil
instanceKlass sun/security/util/math/intpoly/IntegerPolynomial$Limb
instanceKlass sun/security/util/math/SmallValue
instanceKlass sun/security/util/math/intpoly/IntegerPolynomial$Element
instanceKlass sun/security/util/math/ImmutableIntegerModuloP
instanceKlass java/math/MutableBigInteger
instanceKlass sun/security/util/math/intpoly/IntegerPolynomial
instanceKlass sun/security/util/math/IntegerModuloP
instanceKlass sun/security/util/math/IntegerFieldModuloP
instanceKlass sun/security/ec/XECOperations
instanceKlass sun/security/ec/XECParameters$1
instanceKlass java/lang/invoke/LambdaForm$MH
instanceKlass sun/security/ec/XECParameters
instanceKlass sun/security/ec/XDHKeyPairGenerator$$Lambda$51
instanceKlass sun/security/ssl/XDHKeyExchange$XDHEPossession
instanceKlass sun/security/ssl/ECDHKeyExchange$ECDHEXDHKAGenerator
instanceKlass sun/security/ssl/ECDHKeyExchange$ECDHEKAGenerator
instanceKlass sun/security/ssl/ECDHKeyExchange$ECDHKAGenerator
instanceKlass sun/security/ssl/ECDHKeyExchange$ECDHEPossessionGenerator
instanceKlass sun/security/ssl/ECDHKeyExchange
instanceKlass sun/security/ssl/DHKeyExchange$DHEKAGenerator
instanceKlass sun/security/ssl/DHKeyExchange$DHEPossessionGenerator
instanceKlass sun/security/ssl/DHKeyExchange
instanceKlass sun/security/ssl/RSAKeyExchange$RSAKAGenerator
instanceKlass sun/security/ssl/RSAKeyExchange$EphemeralRSAPossessionGenerator
instanceKlass sun/security/ssl/RSAKeyExchange
instanceKlass sun/security/ssl/SSLKeyExchange$T13KeyAgreement
instanceKlass sun/security/ssl/SSLKeyAgreement
instanceKlass sun/security/ssl/SSLPossessionGenerator
instanceKlass sun/security/ssl/SSLKeyExchange
instanceKlass sun/security/ssl/SSLHandshakeBinding
instanceKlass sun/security/ssl/SSLKeyAgreementGenerator
instanceKlass sun/security/ssl/PskKeyExchangeModesExtension$PskKeyExchangeModesSpec
instanceKlass sun/security/ssl/SupportedVersionsExtension$CHSupportedVersionsSpec
instanceKlass sun/security/ssl/SessionTicketExtension$SessionTicketSpec
instanceKlass sun/security/ssl/ExtendedMasterSecretExtension$ExtendedMasterSecretSpec
instanceKlass sun/security/ssl/CertStatusExtension$CertStatusRequestV2Spec
instanceKlass sun/security/ssl/SignatureAlgorithmsExtension$SignatureSchemesSpec
instanceKlass sun/security/ssl/ECPointFormatsExtension$ECPointFormatsSpec
instanceKlass sun/security/ssl/SupportedGroupsExtension$SupportedGroupsSpec
instanceKlass sun/security/ssl/CertStatusExtension$CertStatusRequest
instanceKlass sun/security/ssl/CertStatusExtension$CertStatusRequestSpec
instanceKlass sun/security/ssl/ServerNameExtension$CHServerNamesSpec
instanceKlass sun/security/ssl/SSLExtension$SSLExtensionSpec
instanceKlass sun/security/ssl/SSLExtension$ClientExtensions
instanceKlass sun/security/ssl/PreSharedKeyExtension$SHPreSharedKeyStringizer
instanceKlass sun/security/ssl/PreSharedKeyExtension$SHPreSharedKeyAbsence
instanceKlass sun/security/ssl/PreSharedKeyExtension$SHPreSharedKeyConsumer
instanceKlass sun/security/ssl/PreSharedKeyExtension$SHPreSharedKeyProducer
instanceKlass sun/security/ssl/PreSharedKeyExtension$CHPreSharedKeyStringizer
instanceKlass sun/security/ssl/PreSharedKeyExtension$CHPreSharedKeyOnTradeAbsence
instanceKlass sun/security/ssl/PreSharedKeyExtension$CHPreSharedKeyUpdate
instanceKlass sun/security/ssl/PreSharedKeyExtension$CHPreSharedKeyOnLoadAbsence
instanceKlass sun/security/ssl/PreSharedKeyExtension$CHPreSharedKeyConsumer
instanceKlass sun/security/ssl/PreSharedKeyExtension$CHPreSharedKeyProducer
instanceKlass sun/security/ssl/PreSharedKeyExtension
instanceKlass sun/security/ssl/RenegoInfoExtension$RenegotiationInfoStringizer
instanceKlass sun/security/ssl/RenegoInfoExtension$SHRenegotiationInfoAbsence
instanceKlass sun/security/ssl/RenegoInfoExtension$SHRenegotiationInfoConsumer
instanceKlass sun/security/ssl/RenegoInfoExtension$SHRenegotiationInfoProducer
instanceKlass sun/security/ssl/RenegoInfoExtension$CHRenegotiationInfoAbsence
instanceKlass sun/security/ssl/RenegoInfoExtension$CHRenegotiationInfoConsumer
instanceKlass sun/security/ssl/RenegoInfoExtension$CHRenegotiationInfoProducer
instanceKlass sun/security/ssl/RenegoInfoExtension
instanceKlass sun/security/ssl/KeyShareExtension$HRRKeyShareStringizer
instanceKlass sun/security/ssl/KeyShareExtension$HRRKeyShareReproducer
instanceKlass sun/security/ssl/KeyShareExtension$HRRKeyShareConsumer
instanceKlass sun/security/ssl/KeyShareExtension$HRRKeyShareProducer
instanceKlass sun/security/ssl/KeyShareExtension$SHKeyShareStringizer
instanceKlass sun/security/ssl/KeyShareExtension$SHKeyShareAbsence
instanceKlass sun/security/ssl/KeyShareExtension$SHKeyShareConsumer
instanceKlass sun/security/ssl/KeyShareExtension$SHKeyShareProducer
instanceKlass sun/security/ssl/KeyShareExtension$CHKeyShareStringizer
instanceKlass sun/security/ssl/KeyShareExtension$CHKeyShareOnTradeAbsence
instanceKlass sun/security/ssl/KeyShareExtension$CHKeyShareConsumer
instanceKlass sun/security/ssl/KeyShareExtension$CHKeyShareProducer
instanceKlass sun/security/ssl/KeyShareExtension
instanceKlass sun/security/ssl/PskKeyExchangeModesExtension$PskKeyExchangeModesStringizer
instanceKlass sun/security/ssl/PskKeyExchangeModesExtension$PskKeyExchangeModesOnTradeAbsence
instanceKlass sun/security/ssl/PskKeyExchangeModesExtension$PskKeyExchangeModesOnLoadAbsence
instanceKlass sun/security/ssl/PskKeyExchangeModesExtension$PskKeyExchangeModesConsumer
instanceKlass sun/security/ssl/PskKeyExchangeModesExtension$PskKeyExchangeModesProducer
instanceKlass sun/security/ssl/PskKeyExchangeModesExtension
instanceKlass sun/security/ssl/CookieExtension$CookieStringizer
instanceKlass sun/security/ssl/CookieExtension$HRRCookieReproducer
instanceKlass sun/security/ssl/CookieExtension$HRRCookieConsumer
instanceKlass sun/security/ssl/CookieExtension$HRRCookieProducer
instanceKlass sun/security/ssl/CookieExtension$CHCookieUpdate
instanceKlass sun/security/ssl/CookieExtension$CHCookieConsumer
instanceKlass sun/security/ssl/CookieExtension$CHCookieProducer
instanceKlass sun/security/ssl/CookieExtension
instanceKlass sun/security/ssl/SupportedVersionsExtension$HRRSupportedVersionsReproducer
instanceKlass sun/security/ssl/SupportedVersionsExtension$HRRSupportedVersionsConsumer
instanceKlass sun/security/ssl/SupportedVersionsExtension$HRRSupportedVersionsProducer
instanceKlass sun/security/ssl/SupportedVersionsExtension$SHSupportedVersionsStringizer
instanceKlass sun/security/ssl/SupportedVersionsExtension$SHSupportedVersionsConsumer
instanceKlass sun/security/ssl/SupportedVersionsExtension$SHSupportedVersionsProducer
instanceKlass sun/security/ssl/SupportedVersionsExtension$CHSupportedVersionsStringizer
instanceKlass sun/security/ssl/SupportedVersionsExtension$CHSupportedVersionsConsumer
instanceKlass sun/security/ssl/SupportedVersionsExtension$CHSupportedVersionsProducer
instanceKlass sun/security/ssl/SupportedVersionsExtension
instanceKlass sun/security/ssl/SessionTicketExtension$SessionTicketStringizer
instanceKlass sun/security/ssl/SessionTicketExtension$T12SHSessionTicketConsumer
instanceKlass sun/security/ssl/SessionTicketExtension$T12CHSessionTicketConsumer
instanceKlass sun/security/ssl/SessionTicketExtension
instanceKlass sun/security/ssl/ExtendedMasterSecretExtension$ExtendedMasterSecretStringizer
instanceKlass sun/security/ssl/ExtendedMasterSecretExtension$SHExtendedMasterSecretAbsence
instanceKlass sun/security/ssl/ExtendedMasterSecretExtension$SHExtendedMasterSecretConsumer
instanceKlass sun/security/ssl/ExtendedMasterSecretExtension$SHExtendedMasterSecretProducer
instanceKlass sun/security/ssl/ExtendedMasterSecretExtension$CHExtendedMasterSecretAbsence
instanceKlass sun/security/ssl/ExtendedMasterSecretExtension$CHExtendedMasterSecretConsumer
instanceKlass sun/security/ssl/ExtendedMasterSecretExtension$CHExtendedMasterSecretProducer
instanceKlass sun/security/ssl/ExtendedMasterSecretExtension
instanceKlass sun/security/ssl/AlpnExtension$AlpnStringizer
instanceKlass sun/security/ssl/AlpnExtension$SHAlpnAbsence
instanceKlass sun/security/ssl/AlpnExtension$SHAlpnConsumer
instanceKlass sun/security/ssl/AlpnExtension$SHAlpnProducer
instanceKlass sun/security/ssl/AlpnExtension$CHAlpnAbsence
instanceKlass sun/security/ssl/AlpnExtension$CHAlpnConsumer
instanceKlass sun/security/ssl/AlpnExtension$CHAlpnProducer
instanceKlass sun/security/ssl/AlpnExtension
instanceKlass sun/security/ssl/CertSignAlgsExtension$CertSignatureSchemesStringizer
instanceKlass sun/security/ssl/CertSignAlgsExtension$CRCertSignatureSchemesUpdate
instanceKlass sun/security/ssl/CertSignAlgsExtension$CRCertSignatureSchemesConsumer
instanceKlass sun/security/ssl/CertSignAlgsExtension$CRCertSignatureSchemesProducer
instanceKlass sun/security/ssl/CertSignAlgsExtension$CHCertSignatureSchemesUpdate
instanceKlass sun/security/ssl/CertSignAlgsExtension$CHCertSignatureSchemesConsumer
instanceKlass sun/security/ssl/CertSignAlgsExtension$CHCertSignatureSchemesProducer
instanceKlass sun/security/ssl/CertSignAlgsExtension
instanceKlass sun/security/ssl/SignatureAlgorithmsExtension$SignatureSchemesStringizer
instanceKlass sun/security/ssl/SignatureAlgorithmsExtension$CRSignatureSchemesUpdate
instanceKlass sun/security/ssl/SignatureAlgorithmsExtension$CRSignatureSchemesAbsence
instanceKlass sun/security/ssl/SignatureAlgorithmsExtension$CRSignatureSchemesConsumer
instanceKlass sun/security/ssl/SignatureAlgorithmsExtension$CRSignatureSchemesProducer
instanceKlass sun/security/ssl/SignatureAlgorithmsExtension$CHSignatureSchemesOnTradeAbsence
instanceKlass sun/security/ssl/SignatureAlgorithmsExtension$CHSignatureSchemesUpdate
instanceKlass sun/security/ssl/SignatureAlgorithmsExtension$CHSignatureSchemesOnLoadAbsence
instanceKlass sun/security/ssl/SignatureAlgorithmsExtension$CHSignatureSchemesConsumer
instanceKlass sun/security/ssl/SignatureAlgorithmsExtension$CHSignatureSchemesProducer
instanceKlass sun/security/ssl/SignatureAlgorithmsExtension
instanceKlass sun/security/ssl/ECPointFormatsExtension$ECPointFormatsStringizer
instanceKlass sun/security/ssl/ECPointFormatsExtension$SHECPointFormatsConsumer
instanceKlass sun/security/ssl/ECPointFormatsExtension$CHECPointFormatsConsumer
instanceKlass sun/security/ssl/ECPointFormatsExtension$CHECPointFormatsProducer
instanceKlass sun/security/ssl/ECPointFormatsExtension
instanceKlass sun/security/ssl/SupportedGroupsExtension$EESupportedGroupsConsumer
instanceKlass sun/security/ssl/SupportedGroupsExtension$SupportedGroupsStringizer
instanceKlass sun/security/ssl/SupportedGroupsExtension$CHSupportedGroupsOnTradeAbsence
instanceKlass sun/security/ssl/SupportedGroupsExtension$CHSupportedGroupsConsumer
instanceKlass sun/security/ssl/SupportedGroupsExtension
instanceKlass sun/security/ssl/CertStatusExtension$CertStatusRespStringizer
instanceKlass sun/security/ssl/CertStatusExtension$CertStatusRequestsStringizer
instanceKlass sun/security/ssl/CertStatusExtension$SHCertStatusReqV2Consumer
instanceKlass sun/security/ssl/CertStatusExtension$SHCertStatusReqV2Producer
instanceKlass sun/security/ssl/CertStatusExtension$CHCertStatusReqV2Consumer
instanceKlass sun/security/ssl/CertStatusExtension$CHCertStatusReqV2Producer
instanceKlass sun/security/ssl/CertStatusExtension$CertStatusRequestStringizer
instanceKlass sun/security/ssl/CertStatusExtension$CTCertStatusResponseConsumer
instanceKlass sun/security/ssl/CertStatusExtension$CTCertStatusResponseProducer
instanceKlass sun/security/ssl/CertStatusExtension$SHCertStatusReqConsumer
instanceKlass sun/security/ssl/CertStatusExtension$SHCertStatusReqProducer
instanceKlass sun/security/ssl/CertStatusExtension$CHCertStatusReqConsumer
instanceKlass sun/security/ssl/CertStatusExtension$CHCertStatusReqProducer
instanceKlass sun/security/ssl/CertStatusExtension
instanceKlass sun/security/ssl/MaxFragExtension$MaxFragLenStringizer
instanceKlass sun/security/ssl/MaxFragExtension$EEMaxFragmentLengthUpdate
instanceKlass sun/security/ssl/MaxFragExtension$EEMaxFragmentLengthConsumer
instanceKlass sun/security/ssl/MaxFragExtension$EEMaxFragmentLengthProducer
instanceKlass sun/security/ssl/MaxFragExtension$SHMaxFragmentLengthUpdate
instanceKlass sun/security/ssl/MaxFragExtension$SHMaxFragmentLengthConsumer
instanceKlass sun/security/ssl/MaxFragExtension$SHMaxFragmentLengthProducer
instanceKlass sun/security/ssl/MaxFragExtension$CHMaxFragmentLengthConsumer
instanceKlass sun/security/ssl/MaxFragExtension$CHMaxFragmentLengthProducer
instanceKlass sun/security/ssl/MaxFragExtension
instanceKlass sun/security/ssl/ServerNameExtension$EEServerNameConsumer
instanceKlass sun/security/ssl/ServerNameExtension$EEServerNameProducer
instanceKlass sun/security/ssl/ServerNameExtension$SHServerNamesStringizer
instanceKlass sun/security/ssl/ServerNameExtension$SHServerNameConsumer
instanceKlass sun/security/ssl/ServerNameExtension$SHServerNameProducer
instanceKlass sun/security/ssl/ServerNameExtension$CHServerNamesStringizer
instanceKlass sun/security/ssl/ServerNameExtension$CHServerNameConsumer
instanceKlass sun/security/ssl/SSLExtension$ExtensionConsumer
instanceKlass sun/security/ssl/ServerNameExtension$CHServerNameProducer
instanceKlass sun/security/ssl/ServerNameExtension
instanceKlass sun/security/ssl/SSLStringizer
instanceKlass sun/security/ssl/SSLExtensions
instanceKlass sun/security/ssl/SSLHandshake$HandshakeMessage
instanceKlass sun/security/ssl/RandomCookie
instanceKlass java/lang/Byte$ByteCache
instanceKlass java/util/ComparableTimSort
instanceKlass sun/security/util/KeyUtil
instanceKlass sun/security/ssl/SupportedGroupsExtension$SupportedGroups
instanceKlass sun/security/ssl/SSLKeyDerivation
instanceKlass sun/security/ssl/SSLCredentials
instanceKlass sun/security/ssl/NamedGroup$ExceptionSupplier
instanceKlass sun/security/ssl/NamedGroupPossession
instanceKlass sun/security/ssl/SSLPossession
instanceKlass sun/security/ssl/HandshakeContext
instanceKlass sun/security/ssl/SSLConfiguration$1
instanceKlass javax/net/ssl/SSLParameters
instanceKlass sun/net/www/protocol/http/AuthenticatorKeys
instanceKlass sun/nio/ch/ExtendedSocketOption$1
instanceKlass sun/nio/ch/ExtendedSocketOption
instanceKlass sun/nio/ch/OptionKey
instanceKlass sun/nio/ch/SocketOptionRegistry$LazyInitialization
instanceKlass sun/nio/ch/SocketOptionRegistry$RegistryKey
instanceKlass sun/nio/ch/SocketOptionRegistry
instanceKlass java/net/StandardSocketOptions$StdSocketOption
instanceKlass java/net/StandardSocketOptions
instanceKlass sun/text/normalizer/Trie2$UTrie2Header
instanceKlass sun/text/normalizer/Trie2$1
instanceKlass sun/text/normalizer/Trie2$ValueMapper
instanceKlass sun/text/normalizer/Trie2
instanceKlass sun/text/normalizer/UCharacterProperty$IsAcceptable
instanceKlass sun/text/normalizer/ICUBinary$1
instanceKlass sun/text/normalizer/UCharacterProperty$IntProperty
instanceKlass sun/text/normalizer/UCharacterProperty
instanceKlass sun/text/normalizer/UCharacter
instanceKlass sun/text/normalizer/VersionInfo
instanceKlass sun/text/normalizer/Trie
instanceKlass sun/net/idn/StringPrep$StringPrepTrieImpl
instanceKlass sun/text/normalizer/Trie$DataManipulate
instanceKlass sun/text/normalizer/ICUBinary
instanceKlass sun/net/idn/StringPrepDataReader
instanceKlass sun/text/normalizer/ICUBinary$Authenticate
instanceKlass jdk/internal/module/SystemModuleFinders$SystemModuleReader$$Lambda$50
instanceKlass jdk/internal/module/Checks
instanceKlass sun/net/idn/StringPrep
instanceKlass java/net/IDN
instanceKlass javax/net/ssl/SNIServerName
instanceKlass sun/net/NetHooks
instanceKlass java/net/SocksSocketImpl$3
instanceKlass sun/nio/ch/NioSocketImpl$$Lambda$49
instanceKlass jdk/net/ExtendedSocketOptions$PlatformSocketOptions$1
instanceKlass jdk/net/ExtendedSocketOptions$PlatformSocketOptions
instanceKlass jdk/net/SocketFlow
instanceKlass jdk/net/ExtendedSocketOptions$ExtSocketOption
instanceKlass java/net/SocketOption
instanceKlass jdk/net/ExtendedSocketOptions
instanceKlass sun/net/ext/ExtendedSocketOptions
instanceKlass sun/nio/ch/Net$1
instanceKlass java/net/ProtocolFamily
instanceKlass sun/nio/ch/Net
instanceKlass java/net/InetSocketAddress$InetSocketAddressHolder
instanceKlass java/util/concurrent/atomic/Striped64$1
instanceKlass java/net/InetAddress$CachedAddresses
instanceKlass sun/net/InetAddressCachePolicy$2
instanceKlass sun/net/InetAddressCachePolicy$1
instanceKlass sun/net/InetAddressCachePolicy
instanceKlass java/net/InetAddress$NameServiceAddresses
instanceKlass java/net/InetAddress$Addresses
instanceKlass java/util/concurrent/ConcurrentSkipListMap$Iter
instanceKlass java/net/SocketAddress
instanceKlass sun/security/ssl/SessionId
instanceKlass java/util/concurrent/ConcurrentLinkedQueue$Node
instanceKlass java/security/spec/MGF1ParameterSpec
instanceKlass java/security/spec/PSSParameterSpec
instanceKlass javax/crypto/spec/DHParameterSpec
instanceKlass sun/security/ssl/PredefinedDHParameterSpecs$1
instanceKlass sun/security/ssl/PredefinedDHParameterSpecs
instanceKlass sun/security/provider/certpath/ldap/JdkLDAP$1
instanceKlass com/sun/security/sasl/Provider$1
instanceKlass javax/net/ssl/ExtendedSSLSession
instanceKlass javax/net/ssl/SSLSession
instanceKlass javax/crypto/KeyGeneratorSpi
instanceKlass javax/crypto/KeyGenerator
instanceKlass sun/security/ssl/SSLConfiguration
instanceKlass sun/security/ssl/SSLCipher$SSLWriteCipher
instanceKlass sun/security/ssl/KeyUpdate$KeyUpdateProducer
instanceKlass sun/security/ssl/KeyUpdate$KeyUpdateConsumer
instanceKlass sun/security/ssl/KeyUpdate$KeyUpdateKickstartProducer
instanceKlass sun/security/ssl/KeyUpdate
instanceKlass sun/security/ssl/CertificateStatus$CertificateStatusAbsence
instanceKlass sun/security/ssl/HandshakeAbsence
instanceKlass sun/security/ssl/CertificateStatus$CertificateStatusProducer
instanceKlass sun/security/ssl/CertificateStatus$CertificateStatusConsumer
instanceKlass sun/security/ssl/CertificateStatus
instanceKlass sun/security/ssl/Finished$T13FinishedProducer
instanceKlass sun/security/ssl/Finished$T13FinishedConsumer
instanceKlass sun/security/ssl/Finished$T12FinishedProducer
instanceKlass sun/security/ssl/Finished$T12FinishedConsumer
instanceKlass sun/security/ssl/Finished
instanceKlass sun/security/ssl/ClientKeyExchange$ClientKeyExchangeProducer
instanceKlass sun/security/ssl/ClientKeyExchange$ClientKeyExchangeConsumer
instanceKlass sun/security/ssl/ClientKeyExchange
instanceKlass sun/security/ssl/CertificateVerify$T13CertificateVerifyProducer
instanceKlass sun/security/ssl/CertificateVerify$T13CertificateVerifyConsumer
instanceKlass sun/security/ssl/CertificateVerify$T12CertificateVerifyProducer
instanceKlass sun/security/ssl/CertificateVerify$T12CertificateVerifyConsumer
instanceKlass sun/security/ssl/CertificateVerify$T10CertificateVerifyProducer
instanceKlass sun/security/ssl/CertificateVerify$T10CertificateVerifyConsumer
instanceKlass sun/security/ssl/CertificateVerify$S30CertificateVerifyProducer
instanceKlass sun/security/ssl/CertificateVerify$S30CertificateVerifyConsumer
instanceKlass sun/security/ssl/CertificateVerify
instanceKlass sun/security/ssl/ServerHelloDone$ServerHelloDoneProducer
instanceKlass sun/security/ssl/ServerHelloDone$ServerHelloDoneConsumer
instanceKlass sun/security/ssl/ServerHelloDone
instanceKlass sun/security/ssl/CertificateRequest$T13CertificateRequestProducer
instanceKlass sun/security/ssl/CertificateRequest$T13CertificateRequestConsumer
instanceKlass sun/security/ssl/CertificateRequest$T12CertificateRequestProducer
instanceKlass sun/security/ssl/CertificateRequest$T12CertificateRequestConsumer
instanceKlass sun/security/ssl/CertificateRequest$T10CertificateRequestProducer
instanceKlass sun/security/ssl/CertificateRequest$T10CertificateRequestConsumer
instanceKlass sun/security/ssl/CertificateRequest
instanceKlass sun/security/ssl/ServerKeyExchange$ServerKeyExchangeProducer
instanceKlass sun/security/ssl/ServerKeyExchange$ServerKeyExchangeConsumer
instanceKlass sun/security/ssl/ServerKeyExchange
instanceKlass sun/security/ssl/CertificateMessage$T13CertificateProducer
instanceKlass sun/security/ssl/CertificateMessage$T13CertificateConsumer
instanceKlass sun/security/ssl/CertificateMessage$T12CertificateProducer
instanceKlass sun/security/ssl/CertificateMessage$T12CertificateConsumer
instanceKlass sun/security/ssl/CertificateMessage
instanceKlass sun/security/ssl/EncryptedExtensions$EncryptedExtensionsConsumer
instanceKlass sun/security/ssl/EncryptedExtensions$EncryptedExtensionsProducer
instanceKlass sun/security/ssl/EncryptedExtensions
instanceKlass sun/security/ssl/NewSessionTicket$T12NewSessionTicketProducer
instanceKlass sun/security/ssl/NewSessionTicket$NewSessionTicketKickstartProducer
instanceKlass sun/security/ssl/NewSessionTicket$T12NewSessionTicketConsumer
instanceKlass sun/security/ssl/NewSessionTicket$T13NewSessionTicketConsumer
instanceKlass sun/security/ssl/NewSessionTicket
instanceKlass sun/security/ssl/HelloVerifyRequest$HelloVerifyRequestProducer
instanceKlass sun/security/ssl/HelloVerifyRequest$HelloVerifyRequestConsumer
instanceKlass sun/security/ssl/HelloVerifyRequest
instanceKlass sun/security/ssl/ServerHello$T13HelloRetryRequestConsumer
instanceKlass sun/security/ssl/ServerHello$T13ServerHelloConsumer
instanceKlass sun/security/ssl/ServerHello$T12ServerHelloConsumer
instanceKlass sun/security/ssl/ServerHello$T13HelloRetryRequestReproducer
instanceKlass sun/security/ssl/ServerHello$T13HelloRetryRequestProducer
instanceKlass sun/security/ssl/ServerHello$T13ServerHelloProducer
instanceKlass sun/security/ssl/ServerHello$T12ServerHelloProducer
instanceKlass sun/security/ssl/ServerHello$ServerHelloConsumer
instanceKlass sun/security/ssl/ServerHello
instanceKlass sun/security/ssl/ClientHello$D13ClientHelloConsumer
instanceKlass sun/security/ssl/ClientHello$D12ClientHelloConsumer
instanceKlass sun/security/ssl/ClientHello$T13ClientHelloConsumer
instanceKlass sun/security/ssl/ClientHello$T12ClientHelloConsumer
instanceKlass sun/security/ssl/HandshakeConsumer
instanceKlass sun/security/ssl/ClientHello$ClientHelloProducer
instanceKlass sun/security/ssl/ClientHello$ClientHelloConsumer
instanceKlass sun/security/ssl/ClientHello$ClientHelloKickstartProducer
instanceKlass sun/security/ssl/ClientHello
instanceKlass sun/security/ssl/HelloRequest$HelloRequestProducer
instanceKlass sun/security/ssl/HelloRequest$HelloRequestConsumer
instanceKlass sun/security/ssl/HelloRequest$HelloRequestKickstartProducer
instanceKlass sun/security/ssl/SSLProducer
instanceKlass sun/security/ssl/HelloRequest
instanceKlass sun/security/ssl/HandshakeProducer
instanceKlass sun/security/ssl/SSLConsumer
instanceKlass sun/security/ssl/Authenticator$MacImpl
instanceKlass sun/security/ssl/Authenticator$MAC
instanceKlass sun/security/ssl/Authenticator
instanceKlass sun/security/ssl/SSLCipher$SSLReadCipher
instanceKlass sun/security/ssl/InputRecord
instanceKlass sun/security/ssl/SSLRecord
instanceKlass sun/security/ssl/Record
instanceKlass sun/security/ssl/TransportContext
instanceKlass sun/security/ssl/ConnectionContext
instanceKlass sun/security/ssl/HandshakeHash$CacheOnlyHash
instanceKlass sun/security/ssl/HandshakeHash$TranscriptHash
instanceKlass sun/security/ssl/HandshakeHash
instanceKlass java/net/SocksConsts
instanceKlass sun/net/PlatformSocketImpl
instanceKlass java/net/SocketImpl$$Lambda$48
instanceKlass java/net/SocketImpl
instanceKlass java/net/SocketOptions
instanceKlass java/net/Socket
instanceKlass sun/security/ssl/SSLTransport
instanceKlass sun/net/www/http/KeepAliveKey
instanceKlass sun/net/NetworkClient$1
instanceKlass sun/net/NetworkClient
instanceKlass javax/net/ssl/HandshakeCompletedListener
instanceKlass java/util/EventListener
instanceKlass sun/net/spi/DefaultProxySelector$3
instanceKlass sun/net/spi/DefaultProxySelector$NonProxyInfo
instanceKlass sun/net/spi/DefaultProxySelector$1
instanceKlass java/net/Proxy
instanceKlass java/net/ProxySelector
instanceKlass sun/net/www/protocol/http/HttpURLConnection$7
instanceKlass java/net/ResponseCache
instanceKlass sun/net/www/protocol/http/HttpURLConnection$3
instanceKlass java/net/CookieHandler
instanceKlass sun/net/www/protocol/http/HttpURLConnection$2
instanceKlass java/util/regex/CharPredicates$$Lambda$47
instanceKlass sun/net/NetProperties$1
instanceKlass sun/net/NetProperties
instanceKlass sun/net/www/protocol/http/HttpURLConnection$$Lambda$46
instanceKlass sun/security/provider/AbstractDrbg$NonceProvider
instanceKlass sun/security/provider/AbstractDrbg$SeederHolder$$Lambda$45
instanceKlass java/lang/invoke/LambdaForm$DMH
instanceKlass java/lang/invoke/LambdaForm$DMH
instanceKlass java/nio/file/Files$AcceptAllFilter
instanceKlass java/net/NetworkInterface$1
instanceKlass java/net/DefaultInterface
instanceKlass java/net/Inet6Address$Inet6AddressHolder
instanceKlass java/net/InetAddress$PlatformNameService
instanceKlass java/net/InetAddress$NameService
instanceKlass java/net/Inet6AddressImpl
instanceKlass java/net/InetAddressImpl
instanceKlass java/net/InetAddressImplFactory
instanceKlass java/util/concurrent/ConcurrentSkipListMap$Node
instanceKlass java/util/concurrent/ConcurrentSkipListMap$Index
instanceKlass java/util/concurrent/ConcurrentNavigableMap
instanceKlass java/util/NavigableSet
instanceKlass java/util/SortedSet
instanceKlass java/net/InetAddress$InetAddressHolder
instanceKlass java/net/InetAddress$1
instanceKlass jdk/internal/access/JavaNetInetAddressAccess
instanceKlass java/net/InetAddress
instanceKlass java/net/InterfaceAddress
instanceKlass java/net/NetworkInterface
instanceKlass sun/security/provider/ByteArrayAccess
instanceKlass java/lang/StringCoding$StringEncoder
instanceKlass sun/security/provider/SeedGenerator$1
instanceKlass sun/security/provider/SeedGenerator
instanceKlass sun/security/provider/AbstractDrbg$SeederHolder
instanceKlass java/security/DrbgParameters$NextBytes
instanceKlass java/util/Collections$3
instanceKlass javax/net/ssl/X509ExtendedKeyManager
instanceKlass javax/net/ssl/X509KeyManager
instanceKlass javax/net/ssl/KeyManager
instanceKlass javax/net/ssl/KeyManagerFactorySpi
instanceKlass javax/net/ssl/KeyManagerFactory$1
instanceKlass javax/net/ssl/KeyManagerFactory
instanceKlass sun/security/ssl/SSLContextImpl$DefaultManagersHolder$1
instanceKlass javax/net/ssl/X509ExtendedTrustManager
instanceKlass javax/net/ssl/X509TrustManager
instanceKlass javax/net/ssl/TrustManager
instanceKlass sun/security/validator/TrustStoreUtil
instanceKlass sun/security/x509/AccessDescription
instanceKlass sun/security/x509/RFC822Name
instanceKlass sun/security/x509/NetscapeCertTypeExtension$MapEntry
instanceKlass sun/security/x509/DNSName
instanceKlass sun/security/x509/URIName
instanceKlass sun/security/x509/DistributionPoint
instanceKlass jdk/internal/reflect/ClassDefiner$1
instanceKlass jdk/internal/reflect/ClassDefiner
instanceKlass jdk/internal/reflect/MethodAccessorGenerator$1
instanceKlass jdk/internal/reflect/Label$PatchInfo
instanceKlass jdk/internal/reflect/Label
instanceKlass jdk/internal/reflect/UTF8
instanceKlass jdk/internal/reflect/ClassFileAssembler
instanceKlass jdk/internal/reflect/ByteVectorImpl
instanceKlass jdk/internal/reflect/ByteVector
instanceKlass jdk/internal/reflect/ByteVectorFactory
instanceKlass jdk/internal/reflect/AccessorGenerator
instanceKlass jdk/internal/reflect/ClassFileConstants
instanceKlass java/security/cert/PolicyQualifierInfo
instanceKlass sun/security/x509/CertificatePolicyId
instanceKlass sun/security/x509/PolicyInformation
instanceKlass java/security/interfaces/ECPublicKey
instanceKlass sun/security/x509/GeneralName
instanceKlass sun/util/logging/PlatformLogger
instanceKlass sun/util/logging/PlatformLogger$ConfigurableBridge$LoggerConfiguration
instanceKlass jdk/internal/logger/BootstrapLogger$RedirectedLoggers
instanceKlass java/lang/invoke/VarHandle$AccessDescriptor
instanceKlass jdk/internal/logger/LazyLoggers$LazyLoggerAccessor
instanceKlass jdk/internal/logger/LazyLoggers$LoggerAccessor
instanceKlass jdk/internal/logger/AbstractLoggerWrapper
instanceKlass sun/util/logging/internal/LoggingProviderImpl$LogManagerAccess
instanceKlass jdk/internal/logger/BootstrapLogger$DetectBackend$1
instanceKlass jdk/internal/logger/BootstrapLogger$DetectBackend
instanceKlass jdk/internal/logger/BootstrapLogger
instanceKlass sun/util/logging/PlatformLogger$ConfigurableBridge
instanceKlass sun/util/logging/PlatformLogger$Bridge
instanceKlass jdk/internal/logger/DefaultLoggerFinder$1
instanceKlass java/lang/System$LoggerFinder
instanceKlass jdk/internal/logger/LazyLoggers$LazyLoggerFactories
instanceKlass jdk/internal/logger/LazyLoggers$1
instanceKlass jdk/internal/logger/LazyLoggers
instanceKlass java/lang/System$Logger
instanceKlass jdk/internal/event/EventHelper
instanceKlass jdk/internal/event/Event
instanceKlass sun/security/util/MemoryCache$CacheEntry
instanceKlass sun/security/x509/X509AttributeName
instanceKlass sun/security/x509/GeneralNames
instanceKlass sun/security/x509/KeyIdentifier
instanceKlass sun/security/x509/OIDMap$OIDInfo
instanceKlass sun/security/x509/PKIXExtensions
instanceKlass sun/security/x509/OIDMap
instanceKlass sun/security/x509/Extension
instanceKlass java/security/cert/Extension
instanceKlass sun/security/x509/CertificateExtensions
instanceKlass sun/security/rsa/RSAUtil
instanceKlass java/security/interfaces/RSAPublicKey
instanceKlass java/security/interfaces/RSAKey
instanceKlass java/security/spec/RSAPrivateKeySpec
instanceKlass java/security/spec/RSAPublicKeySpec
instanceKlass java/security/spec/EncodedKeySpec
instanceKlass java/security/spec/KeySpec
instanceKlass sun/security/util/BitArray
instanceKlass sun/security/x509/X509Key
instanceKlass sun/security/x509/CertificateX509Key
instanceKlass sun/util/calendar/CalendarUtils
instanceKlass sun/util/calendar/CalendarDate
instanceKlass sun/security/x509/CertificateValidity
instanceKlass sun/security/x509/AVA
instanceKlass sun/security/util/DerIndefLenConverter
instanceKlass sun/security/x509/RDN
instanceKlass javax/security/auth/x500/X500Principal
instanceKlass sun/security/x509/X500Name$1
instanceKlass sun/security/x509/X500Name
instanceKlass sun/security/x509/GeneralNameInterface
instanceKlass sun/security/x509/CertificateAlgorithmId
instanceKlass sun/security/x509/SerialNumber
instanceKlass sun/security/x509/CertificateSerialNumber
instanceKlass sun/security/x509/CertificateVersion
instanceKlass sun/security/x509/X509CertInfo
instanceKlass sun/security/x509/CertAttrSet
instanceKlass sun/security/x509/AlgorithmId
instanceKlass java/security/cert/X509Extension
instanceKlass sun/security/util/Cache$EqualByteArray
instanceKlass sun/security/util/IOUtils
instanceKlass java/security/cert/CertificateFactorySpi
instanceKlass java/security/cert/CertificateFactory
instanceKlass sun/util/calendar/CalendarSystem
instanceKlass java/util/Date
instanceKlass sun/security/provider/JavaKeyStore$TrustedCertEntry
instanceKlass sun/security/util/DerInputStream
instanceKlass sun/security/util/DerValue
instanceKlass java/util/Collections$SynchronizedMap
instanceKlass sun/security/action/OpenFileInputStreamAction
instanceKlass sun/security/util/KeyStoreDelegator$$Lambda$44
instanceKlass java/security/KeyStoreSpi
instanceKlass java/security/KeyStore$1
instanceKlass java/security/KeyStore
instanceKlass sun/security/ssl/TrustStoreManager$TrustStoreDescriptor$1
instanceKlass sun/security/ssl/TrustStoreManager$TrustStoreDescriptor
instanceKlass sun/security/ssl/TrustStoreManager$TrustAnchorManager
instanceKlass sun/security/ssl/TrustStoreManager
instanceKlass javax/net/ssl/TrustManagerFactorySpi
instanceKlass javax/net/ssl/TrustManagerFactory$1
instanceKlass javax/net/ssl/TrustManagerFactory
instanceKlass sun/security/ssl/SSLContextImpl$DefaultManagersHolder
instanceKlass sun/security/util/Cache
instanceKlass sun/security/action/GetIntegerAction
instanceKlass sun/security/ssl/SSLSessionContextImpl
instanceKlass javax/net/ssl/SSLSessionContext
instanceKlass sun/security/ssl/EphemeralKeyManager$EphemeralKeyPair
instanceKlass sun/security/ssl/EphemeralKeyManager
instanceKlass sun/security/ssl/SSLContextImpl$CustomizedSSLProtocols
instanceKlass java/security/spec/NamedParameterSpec
instanceKlass sun/security/util/ECKeySizeParameterSpec
instanceKlass java/security/AlgorithmParametersSpi
instanceKlass java/security/AlgorithmParameters
instanceKlass sun/security/util/ECUtil
instanceKlass sun/security/util/SecurityProviderConstants
instanceKlass sun/security/ec/point/Point
instanceKlass java/security/KeyPairGeneratorSpi
instanceKlass java/security/PublicKey
instanceKlass java/security/PrivateKey
instanceKlass javax/security/auth/Destroyable
instanceKlass java/security/KeyFactorySpi
instanceKlass java/security/KeyFactory
instanceKlass javax/crypto/KeyAgreement
instanceKlass sun/security/util/MessageDigestSpi2
instanceKlass sun/security/jca/GetInstance$Instance
instanceKlass java/security/MessageDigestSpi
instanceKlass java/security/interfaces/ECKey
instanceKlass java/security/Key
instanceKlass java/security/Signature$1
instanceKlass jdk/internal/access/JavaSecuritySignatureAccess
instanceKlass java/security/SignatureSpi
instanceKlass sun/security/ssl/JsseJce$EcAvailability
instanceKlass sun/security/ssl/SSLAlgorithmDecomposer$1
instanceKlass java/util/LinkedList$ListItr
instanceKlass sun/security/ssl/Utilities
instanceKlass sun/security/ssl/JsseJce
instanceKlass sun/security/ssl/NamedGroup$XDHScheme
instanceKlass sun/security/ssl/NamedGroup$FFDHEScheme
instanceKlass sun/security/ssl/NamedGroup$ECDHEScheme
instanceKlass sun/security/ssl/NamedGroup$NamedGroupScheme
instanceKlass sun/security/ssl/SSLCipher$1
instanceKlass sun/security/ssl/SSLCipher$T13CC20P1305WriteCipherGenerator
instanceKlass sun/security/ssl/SSLCipher$T12CC20P1305WriteCipherGenerator
instanceKlass sun/security/ssl/SSLCipher$T13CC20P1305ReadCipherGenerator
instanceKlass sun/security/ssl/SSLCipher$T12CC20P1305ReadCipherGenerator
instanceKlass sun/security/ssl/SSLCipher$T13GcmWriteCipherGenerator
instanceKlass sun/security/ssl/SSLCipher$T13GcmReadCipherGenerator
instanceKlass sun/security/ssl/SSLCipher$T12GcmWriteCipherGenerator
instanceKlass sun/security/ssl/SSLCipher$T12GcmReadCipherGenerator
instanceKlass com/sun/crypto/provider/AESConstants
instanceKlass javax/crypto/JceSecurityManager$1
instanceKlass java/lang/SecurityManager$$Lambda$43
instanceKlass java/lang/SecurityManager$$Lambda$42
instanceKlass java/lang/SecurityManager$$Lambda$41
instanceKlass java/lang/SecurityManager$$Lambda$40
instanceKlass java/lang/SecurityManager$$Lambda$39
instanceKlass java/lang/SecurityManager$$Lambda$38
instanceKlass java/lang/invoke/LambdaForm$DMH
instanceKlass java/util/stream/ForEachOps$ForEachOp
instanceKlass java/util/stream/ForEachOps
instanceKlass java/lang/SecurityManager$$Lambda$37
instanceKlass java/lang/invoke/LambdaForm$DMH
instanceKlass java/lang/SecurityManager$$Lambda$36
instanceKlass java/lang/SecurityManager$$Lambda$35
instanceKlass java/lang/SecurityManager$$Lambda$34
instanceKlass java/lang/invoke/LambdaForm$DMH
instanceKlass java/lang/SecurityManager$$Lambda$33
instanceKlass java/util/Spliterators$IteratorSpliterator
instanceKlass sun/security/ssl/SSLCipher$T11BlockWriteCipherGenerator
instanceKlass sun/security/ssl/SSLCipher$T11BlockReadCipherGenerator
instanceKlass com/sun/crypto/provider/PKCS5Padding
instanceKlass com/sun/crypto/provider/Padding
instanceKlass com/sun/crypto/provider/FeedbackCipher
instanceKlass com/sun/crypto/provider/SymmetricCipher
instanceKlass com/sun/crypto/provider/DESConstants
instanceKlass com/sun/crypto/provider/CipherCore
instanceKlass sun/security/ssl/SSLCipher$T10BlockWriteCipherGenerator
instanceKlass sun/security/ssl/SSLCipher$T10BlockReadCipherGenerator
instanceKlass javax/crypto/CipherSpi
instanceKlass javax/crypto/ProviderVerifier
instanceKlass javax/crypto/JceSecurity$2
instanceKlass javax/crypto/JceSecurity$IdentityWrapper
instanceKlass java/util/Vector$1
instanceKlass javax/crypto/CryptoPolicyParser$CryptoPermissionEntry
instanceKlass javax/crypto/CryptoPolicyParser$GrantEntry
instanceKlass sun/nio/ch/IOStatus
instanceKlass java/nio/DirectByteBuffer$Deallocator
instanceKlass sun/nio/ch/Util$BufferCache
instanceKlass sun/nio/ch/Util
instanceKlass sun/nio/ch/NativeThread
instanceKlass java/io/StreamTokenizer
instanceKlass javax/crypto/CryptoPolicyParser
instanceKlass java/nio/channels/Channels
instanceKlass sun/nio/ch/FileChannelImpl$Closer
instanceKlass sun/nio/ch/NativeDispatcher
instanceKlass sun/nio/ch/NativeThreadSet
instanceKlass sun/nio/ch/IOUtil
instanceKlass java/nio/channels/spi/AbstractInterruptibleChannel
instanceKlass java/nio/channels/InterruptibleChannel
instanceKlass java/nio/channels/ScatteringByteChannel
instanceKlass java/nio/channels/GatheringByteChannel
instanceKlass java/nio/channels/SeekableByteChannel
instanceKlass java/nio/channels/ByteChannel
instanceKlass java/nio/channels/WritableByteChannel
instanceKlass java/nio/channels/ReadableByteChannel
instanceKlass java/nio/channels/Channel
instanceKlass sun/nio/fs/WindowsSecurityDescriptor
instanceKlass java/nio/file/attribute/FileAttribute
instanceKlass sun/nio/fs/BasicFileAttributesHolder
instanceKlass sun/nio/fs/WindowsDirectoryStream$WindowsDirectoryIterator
instanceKlass java/nio/file/Files$1
instanceKlass java/nio/file/DirectoryStream$Filter
instanceKlass sun/nio/fs/WindowsFileSystem$2
instanceKlass java/nio/file/PathMatcher
instanceKlass java/util/regex/Pattern$CharPredicate$$Lambda$32
instanceKlass java/lang/invoke/LambdaForm$DMH
instanceKlass sun/nio/fs/Globs
instanceKlass sun/nio/fs/WindowsDirectoryStream
instanceKlass java/nio/file/DirectoryStream
instanceKlass sun/nio/fs/WindowsChannelFactory$Flags
instanceKlass sun/nio/fs/WindowsChannelFactory$1
instanceKlass sun/nio/fs/WindowsChannelFactory
instanceKlass sun/nio/fs/WindowsFileSystemProvider$1
instanceKlass javax/crypto/JceSecurity$1
instanceKlass sun/security/provider/AbstractDrbg$$Lambda$31
instanceKlass java/lang/invoke/LambdaForm$DMH
instanceKlass java/lang/invoke/LambdaForm$DMH
instanceKlass sun/reflect/misc/ReflectUtil
instanceKlass sun/security/provider/EntropySource
instanceKlass sun/security/provider/AbstractDrbg
instanceKlass java/security/DrbgParameters$Instantiation
instanceKlass java/security/DrbgParameters
instanceKlass sun/security/provider/MoreDrbgParameters
instanceKlass sun/security/provider/DRBG$$Lambda$30
instanceKlass java/security/SecureRandomSpi
instanceKlass java/security/SecureRandomParameters
instanceKlass java/util/AbstractList$Itr
instanceKlass java/util/Random
instanceKlass javax/crypto/JceSecurity
instanceKlass sun/security/jca/ProviderList$ServiceList$1
instanceKlass sun/security/jca/ServiceId
instanceKlass java/util/Collections$1
instanceKlass javax/crypto/Cipher$Transform
instanceKlass javax/crypto/Cipher
instanceKlass sun/security/ssl/SSLCipher$StreamWriteCipherGenerator
instanceKlass sun/security/ssl/SSLCipher$StreamReadCipherGenerator
instanceKlass sun/security/ssl/SSLCipher$NullWriteCipherGenerator
instanceKlass sun/security/ssl/SSLCipher$WriteCipherGenerator
instanceKlass sun/security/ssl/SSLCipher$NullReadCipherGenerator
instanceKlass sun/security/ssl/SSLCipher$ReadCipherGenerator
instanceKlass java/util/AbstractMap$SimpleImmutableEntry
instanceKlass sun/security/util/DisabledAlgorithmConstraints$1
instanceKlass sun/security/util/DisabledAlgorithmConstraints$Constraint
instanceKlass sun/security/util/DisabledAlgorithmConstraints$Constraints
instanceKlass sun/security/util/AbstractAlgorithmConstraints$1
instanceKlass sun/security/util/AlgorithmDecomposer
instanceKlass sun/security/util/AbstractAlgorithmConstraints
instanceKlass sun/security/ssl/SSLAlgorithmConstraints
instanceKlass java/security/AlgorithmConstraints
instanceKlass sun/security/ssl/SSLLogger
instanceKlass sun/security/ssl/SunJSSE$$Lambda$29
instanceKlass java/security/spec/ECFieldF2m
instanceKlass sun/security/util/ObjectIdentifier
instanceKlass sun/security/util/ByteArrayTagOrder
instanceKlass sun/security/util/ByteArrayLexOrder
instanceKlass sun/security/util/DerEncoder
instanceKlass java/security/spec/ECParameterSpec
instanceKlass java/security/spec/AlgorithmParameterSpec
instanceKlass java/security/spec/ECPoint
instanceKlass java/security/spec/EllipticCurve
instanceKlass java/security/spec/ECFieldFp
instanceKlass java/security/spec/ECField
instanceKlass sun/security/util/CurveDB$Holder
instanceKlass sun/security/util/CurveDB
instanceKlass sun/security/ec/SunEC$2
instanceKlass sun/security/ec/SunEC$1
instanceKlass com/sun/security/sasl/gsskerb/JdkSASL$1
instanceKlass org/jcp/xml/dsig/internal/dom/XMLDSigRI$2
instanceKlass org/jcp/xml/dsig/internal/dom/XMLDSigRI$1
instanceKlass sun/security/smartcardio/SunPCSC$1
instanceKlass sun/security/mscapi/SunMSCAPI$2
instanceKlass sun/security/mscapi/SunMSCAPI$1
instanceKlass sun/security/jgss/SunProvider$1
instanceKlass sun/security/pkcs11/SunPKCS11$Descriptor
instanceKlass javax/security/auth/callback/CallbackHandler
instanceKlass javax/security/auth/Subject
instanceKlass sun/security/jca/ProviderConfig$ProviderLoader
instanceKlass sun/security/jca/ProviderConfig$3
instanceKlass sun/security/rsa/SunRsaSignEntries
instanceKlass java/security/Provider$UString
instanceKlass java/security/Provider$Service
instanceKlass sun/security/provider/NativePRNG$NonBlocking
instanceKlass sun/security/provider/NativePRNG$Blocking
instanceKlass sun/security/provider/NativePRNG
instanceKlass sun/security/provider/SunEntries$1
instanceKlass sun/security/provider/SunEntries
instanceKlass sun/security/util/SecurityConstants
instanceKlass sun/security/jca/ProviderList$2
instanceKlass jdk/internal/math/FloatingDecimal$ASCIIToBinaryBuffer
instanceKlass jdk/internal/math/FloatingDecimal$PreparedASCIIToBinaryBuffer
instanceKlass jdk/internal/math/FloatingDecimal$ASCIIToBinaryConverter
instanceKlass jdk/internal/math/FloatingDecimal$BinaryToASCIIBuffer
instanceKlass jdk/internal/math/FloatingDecimal$ExceptionalBinaryToASCIIBuffer
instanceKlass jdk/internal/math/FloatingDecimal$BinaryToASCIIConverter
instanceKlass jdk/internal/math/FloatingDecimal
instanceKlass java/security/Provider$EngineDescription
instanceKlass java/security/Provider$ServiceKey
instanceKlass sun/security/jca/ProviderConfig
instanceKlass sun/security/jca/ProviderList
instanceKlass sun/security/jca/Providers
instanceKlass sun/security/jca/GetInstance
instanceKlass javax/net/ssl/SSLContextSpi
instanceKlass java/lang/invoke/VarForm
instanceKlass java/lang/invoke/VarHandleGuards
instanceKlass jdk/internal/util/Preconditions$1
instanceKlass java/lang/invoke/VarHandle$1
instanceKlass java/lang/ClassValue$Version
instanceKlass java/lang/ClassValue$Identity
instanceKlass java/lang/ClassValue
instanceKlass java/lang/invoke/VarHandles
instanceKlass javax/net/ssl/SSLContext
instanceKlass java/security/Security$1
instanceKlass java/security/Security
instanceKlass javax/net/ssl/SSLSocketFactory$1
instanceKlass javax/net/ssl/SSLSocketFactory$DefaultFactoryHolder
instanceKlass javax/net/SocketFactory
instanceKlass javax/net/ssl/HttpsURLConnection$DefaultHostnameVerifier
instanceKlass javax/net/ssl/HostnameVerifier
instanceKlass java/net/spi/URLStreamHandlerProvider
instanceKlass java/net/URL$1
instanceKlass java/net/URL$2
instanceKlass com/sun/xml/internal/stream/StaxXMLInputSource
instanceKlass javax/xml/catalog/CatalogFeatures$$Lambda$28
instanceKlass java/util/HashMap$HashMapSpliterator
instanceKlass java/lang/invoke/LambdaForm$MH
instanceKlass javax/xml/catalog/CatalogMessages
instanceKlass javax/xml/catalog/Util
instanceKlass javax/xml/catalog/CatalogFeatures$Builder
instanceKlass javax/xml/catalog/CatalogFeatures
instanceKlass com/sun/org/apache/xerces/internal/impl/XMLDocumentScannerImpl$DTDDriver
instanceKlass com/sun/org/apache/xerces/internal/impl/dtd/XMLContentSpec
instanceKlass com/sun/org/apache/xerces/internal/impl/dtd/models/ContentModelValidator
instanceKlass com/sun/org/apache/xerces/internal/impl/dtd/DTDGrammar
instanceKlass com/sun/org/apache/xerces/internal/xni/grammars/Grammar
instanceKlass com/sun/org/apache/xerces/internal/impl/validation/EntityState
instanceKlass com/sun/org/apache/xerces/internal/util/URI
instanceKlass com/sun/org/apache/xerces/internal/parsers/AbstractSAXParser$LocatorProxy
instanceKlass org/xml/sax/ext/Locator2
instanceKlass org/xml/sax/Locator
instanceKlass com/sun/org/apache/xerces/internal/util/XMLSymbols
instanceKlass com/sun/org/apache/xerces/internal/util/XMLChar
instanceKlass com/sun/xml/internal/stream/Entity
instanceKlass com/sun/xml/internal/stream/util/BufferAllocator
instanceKlass com/sun/xml/internal/stream/util/ThreadLocalBufferAllocator
instanceKlass com/sun/org/apache/xerces/internal/impl/XMLEntityManager$EncodingInfo
instanceKlass com/sun/org/apache/xerces/internal/utils/XMLLimitAnalyzer
instanceKlass com/sun/org/apache/xerces/internal/xni/parser/XMLInputSource
instanceKlass com/sun/org/apache/xerces/internal/impl/ExternalSubsetResolver
instanceKlass com/sun/org/apache/xerces/internal/util/EntityResolverWrapper
instanceKlass org/xml/sax/ext/EntityResolver2
instanceKlass org/xml/sax/InputSource
instanceKlass org/testng/internal/YamlParser
instanceKlass java/util/LinkedHashMap$LinkedHashIterator
instanceKlass com/sun/org/apache/xerces/internal/util/ErrorHandlerWrapper
instanceKlass com/sun/org/apache/xerces/internal/xni/parser/XMLErrorHandler
instanceKlass com/sun/org/apache/xerces/internal/parsers/AbstractSAXParser$AttributesProxy
instanceKlass org/xml/sax/ext/Attributes2
instanceKlass org/xml/sax/Attributes
instanceKlass org/xml/sax/AttributeList
instanceKlass com/sun/org/apache/xerces/internal/util/FeatureState
instanceKlass com/sun/org/apache/xerces/internal/util/PropertyState
instanceKlass com/sun/org/apache/xerces/internal/impl/msg/XMLMessageFormatter
instanceKlass com/sun/org/apache/xerces/internal/util/MessageFormatter
instanceKlass com/sun/org/apache/xerces/internal/impl/XMLVersionDetector
instanceKlass com/sun/org/apache/xerces/internal/impl/validation/ValidationManager
instanceKlass com/sun/org/apache/xerces/internal/impl/dv/dtd/NMTOKENDatatypeValidator
instanceKlass com/sun/org/apache/xerces/internal/impl/dv/dtd/NOTATIONDatatypeValidator
instanceKlass com/sun/org/apache/xerces/internal/impl/dv/dtd/ENTITYDatatypeValidator
instanceKlass com/sun/org/apache/xerces/internal/impl/dv/dtd/ListDatatypeValidator
instanceKlass com/sun/org/apache/xerces/internal/impl/dv/dtd/IDREFDatatypeValidator
instanceKlass com/sun/org/apache/xerces/internal/impl/dv/dtd/IDDatatypeValidator
instanceKlass com/sun/org/apache/xerces/internal/impl/dv/dtd/StringDatatypeValidator
instanceKlass com/sun/org/apache/xerces/internal/impl/dv/DatatypeValidator
instanceKlass com/sun/org/apache/xerces/internal/impl/dv/DTDDVFactory
instanceKlass com/sun/org/apache/xerces/internal/impl/dtd/DTDGrammarBucket
instanceKlass com/sun/org/apache/xerces/internal/impl/dtd/XMLAttributeDecl
instanceKlass com/sun/org/apache/xerces/internal/impl/dtd/XMLSimpleType
instanceKlass com/sun/org/apache/xerces/internal/impl/dtd/XMLElementDecl
instanceKlass com/sun/org/apache/xerces/internal/impl/validation/ValidationState
instanceKlass com/sun/org/apache/xerces/internal/impl/dv/ValidationContext
instanceKlass com/sun/org/apache/xerces/internal/impl/dtd/XMLDTDValidator
instanceKlass com/sun/org/apache/xerces/internal/impl/RevalidationHandler
instanceKlass com/sun/org/apache/xerces/internal/impl/dtd/XMLDTDValidatorFilter
instanceKlass com/sun/org/apache/xerces/internal/xni/parser/XMLDocumentFilter
instanceKlass com/sun/org/apache/xerces/internal/impl/dtd/XMLEntityDecl
instanceKlass com/sun/org/apache/xerces/internal/impl/dtd/XMLDTDProcessor
instanceKlass com/sun/org/apache/xerces/internal/xni/parser/XMLDTDContentModelFilter
instanceKlass com/sun/org/apache/xerces/internal/xni/parser/XMLDTDFilter
instanceKlass com/sun/org/apache/xerces/internal/xni/parser/XMLDTDScanner
instanceKlass com/sun/org/apache/xerces/internal/xni/parser/XMLDTDContentModelSource
instanceKlass com/sun/org/apache/xerces/internal/xni/parser/XMLDTDSource
instanceKlass com/sun/org/apache/xerces/internal/xni/grammars/XMLDTDDescription
instanceKlass com/sun/org/apache/xerces/internal/xni/grammars/XMLGrammarDescription
instanceKlass com/sun/org/apache/xerces/internal/impl/XMLDocumentScannerImpl$TrailingMiscDriver
instanceKlass com/sun/org/apache/xerces/internal/impl/XMLDocumentScannerImpl$PrologDriver
instanceKlass com/sun/org/apache/xerces/internal/impl/XMLDocumentScannerImpl$XMLDeclDriver
instanceKlass com/sun/org/apache/xerces/internal/util/NamespaceSupport
instanceKlass com/sun/org/apache/xerces/internal/xni/NamespaceContext
instanceKlass com/sun/org/apache/xerces/internal/util/XMLAttributesImpl$Attribute
instanceKlass com/sun/org/apache/xerces/internal/util/XMLAttributesImpl
instanceKlass com/sun/org/apache/xerces/internal/xni/XMLAttributes
instanceKlass com/sun/org/apache/xerces/internal/impl/XMLDocumentFragmentScannerImpl$FragmentContentDriver
instanceKlass com/sun/org/apache/xerces/internal/impl/XMLDocumentFragmentScannerImpl$Driver
instanceKlass com/sun/org/apache/xerces/internal/impl/XMLDocumentFragmentScannerImpl$ElementStack2
instanceKlass com/sun/org/apache/xerces/internal/xni/QName
instanceKlass com/sun/org/apache/xerces/internal/impl/XMLDocumentFragmentScannerImpl$ElementStack
instanceKlass com/sun/org/apache/xerces/internal/xni/XMLString
instanceKlass com/sun/org/apache/xerces/internal/impl/XMLScanner
instanceKlass com/sun/xml/internal/stream/XMLBufferListener
instanceKlass com/sun/org/apache/xerces/internal/impl/XMLEntityHandler
instanceKlass com/sun/org/apache/xerces/internal/xni/parser/XMLDocumentScanner
instanceKlass com/sun/org/apache/xerces/internal/xni/parser/XMLDocumentSource
instanceKlass com/sun/org/apache/xerces/internal/impl/XMLErrorReporter
instanceKlass com/sun/org/apache/xerces/internal/impl/XMLEntityScanner
instanceKlass com/sun/org/apache/xerces/internal/xni/XMLLocator
instanceKlass com/sun/xml/internal/stream/XMLEntityStorage
instanceKlass com/sun/org/apache/xerces/internal/util/AugmentationsImpl$AugmentationsItemsContainer
instanceKlass com/sun/org/apache/xerces/internal/util/AugmentationsImpl
instanceKlass com/sun/org/apache/xerces/internal/xni/Augmentations
instanceKlass com/sun/org/apache/xerces/internal/util/XMLResourceIdentifierImpl
instanceKlass com/sun/org/apache/xerces/internal/xni/XMLResourceIdentifier
instanceKlass com/sun/org/apache/xerces/internal/impl/XMLEntityManager
instanceKlass com/sun/org/apache/xerces/internal/xni/parser/XMLEntityResolver
instanceKlass com/sun/org/apache/xerces/internal/xni/parser/XMLComponent
instanceKlass com/sun/org/apache/xerces/internal/util/SymbolTable$Entry
instanceKlass com/sun/org/apache/xerces/internal/util/SymbolTable
instanceKlass jdk/xml/internal/JdkXmlUtils
instanceKlass com/sun/org/apache/xerces/internal/util/ParserConfigurationSettings
instanceKlass com/sun/org/apache/xerces/internal/parsers/XML11Configurable
instanceKlass com/sun/org/apache/xerces/internal/xni/parser/XMLPullParserConfiguration
instanceKlass com/sun/org/apache/xerces/internal/xni/parser/XMLParserConfiguration
instanceKlass com/sun/org/apache/xerces/internal/xni/parser/XMLComponentManager
instanceKlass com/sun/org/apache/xerces/internal/parsers/XMLParser
instanceKlass com/sun/org/apache/xerces/internal/xni/XMLDTDContentModelHandler
instanceKlass com/sun/org/apache/xerces/internal/xni/XMLDTDHandler
instanceKlass com/sun/org/apache/xerces/internal/xni/XMLDocumentHandler
instanceKlass org/xml/sax/XMLReader
instanceKlass org/xml/sax/Parser
instanceKlass com/sun/org/apache/xerces/internal/utils/XMLSecurityPropertyManager
instanceKlass jdk/xml/internal/SecuritySupport$$Lambda$27
instanceKlass com/sun/org/apache/xerces/internal/utils/XMLSecurityManager
instanceKlass javax/xml/parsers/SAXParser
instanceKlass com/sun/org/apache/xerces/internal/xs/PSVIProvider
instanceKlass com/sun/org/apache/xerces/internal/jaxp/JAXPConstants
instanceKlass javax/xml/parsers/FactoryFinder$$Lambda$26
instanceKlass jdk/xml/internal/SecuritySupport$$Lambda$25
instanceKlass javax/xml/parsers/FactoryFinder$$Lambda$24
instanceKlass javax/xml/parsers/FactoryFinder$1
instanceKlass jdk/xml/internal/SecuritySupport$$Lambda$23
instanceKlass java/lang/invoke/LambdaForm$MH
instanceKlass java/util/TreeMap$PrivateEntryIterator
instanceKlass java/util/TreeMap$Entry
instanceKlass java/lang/invoke/LambdaFormEditor$1
instanceKlass java/util/NavigableMap
instanceKlass java/lang/invoke/LambdaForm$MH
instanceKlass java/lang/invoke/LambdaForm$MH
instanceKlass java/lang/invoke/MethodHandles$1
instanceKlass java/lang/Long$LongCache
instanceKlass java/lang/invoke/LambdaForm$MH
instanceKlass java/lang/invoke/LambdaForm$MH
instanceKlass java/lang/invoke/LambdaForm$MH
instanceKlass java/lang/invoke/LambdaForm$MH
instanceKlass java/lang/invoke/LambdaForm$MH
instanceKlass java/lang/invoke/LambdaForm$MH
instanceKlass java/lang/invoke/LambdaForm$MH
instanceKlass java/lang/invoke/LambdaForm$MH
instanceKlass java/lang/invoke/LambdaForm$MH
instanceKlass java/lang/invoke/StringConcatFactory$Stringifiers
instanceKlass java/lang/invoke/StringConcatFactory$MethodHandleInlineCopyStrategy$2
instanceKlass java/lang/invoke/StringConcatFactory$MethodHandleInlineCopyStrategy$1
instanceKlass java/lang/invoke/StringConcatFactory$MethodHandleInlineCopyStrategy
instanceKlass java/lang/invoke/StringConcatFactory$RecipeElement
instanceKlass java/lang/invoke/StringConcatFactory$Recipe
instanceKlass java/lang/invoke/StringConcatFactory$1
instanceKlass java/lang/invoke/StringConcatFactory
instanceKlass javax/xml/parsers/FactoryFinder$$Lambda$22
instanceKlass jdk/xml/internal/SecuritySupport$$Lambda$21
instanceKlass jdk/xml/internal/SecuritySupport
instanceKlass javax/xml/parsers/FactoryFinder
instanceKlass javax/xml/parsers/SAXParserFactory
instanceKlass org/xml/sax/helpers/DefaultHandler
instanceKlass org/xml/sax/ErrorHandler
instanceKlass org/xml/sax/ContentHandler
instanceKlass org/xml/sax/DTDHandler
instanceKlass org/xml/sax/EntityResolver
instanceKlass org/testng/xml/XMLParser
instanceKlass org/testng/xml/ISuiteParser
instanceKlass org/testng/xml/IFileParser
instanceKlass org/testng/xml/Parser
instanceKlass org/testng/internal/OverrideProcessor
instanceKlass org/testng/IDataProviderListener
instanceKlass org/testng/IAlterSuiteListener
instanceKlass org/testng/IExecutionListener
instanceKlass org/testng/IConfigurable
instanceKlass org/testng/IHookable
instanceKlass org/testng/IInvokedMethodListener
instanceKlass org/testng/IMethodInterceptor
instanceKlass org/testng/IReporter
instanceKlass org/testng/IClassListener
instanceKlass sun/net/www/MessageHeader
instanceKlass sun/net/www/protocol/jar/JarFileFactory
instanceKlass sun/net/www/protocol/jar/URLJarFile$URLJarFileCloseController
instanceKlass java/net/URLConnection
instanceKlass java/util/ResourceBundle$Control$2
instanceKlass java/util/ResourceBundle$$Lambda$20
instanceKlass java/util/ResourceBundle$CacheKeyReference
instanceKlass java/util/ResourceBundle$CacheKey
instanceKlass jdk/internal/loader/URLClassPath$1
instanceKlass java/lang/CompoundEnumeration
instanceKlass jdk/internal/loader/BuiltinClassLoader$1
instanceKlass java/util/Collections$EmptyEnumeration
instanceKlass java/util/stream/Sink$ChainedReference
instanceKlass java/util/stream/ReduceOps$Box
instanceKlass java/util/stream/ReduceOps$AccumulatingSink
instanceKlass java/util/stream/ReduceOps$ReduceOp
instanceKlass java/util/stream/ReduceOps
instanceKlass java/util/stream/Collectors$$Lambda$19
instanceKlass java/util/stream/Collectors$$Lambda$18
instanceKlass java/util/function/BinaryOperator
instanceKlass java/util/function/BiFunction
instanceKlass java/util/stream/Collectors$$Lambda$17
instanceKlass java/util/function/BiConsumer
instanceKlass java/util/stream/Collectors$$Lambda$16
instanceKlass java/util/stream/Collectors$CollectorImpl
instanceKlass java/util/stream/Collector
instanceKlass java/util/stream/Collectors
instanceKlass java/util/ResourceBundle$ResourceBundleControlProviderHolder$$Lambda$15
instanceKlass java/util/ServiceLoader$ProviderSpliterator
instanceKlass java/lang/ModuleLayer$$Lambda$14
instanceKlass java/lang/WeakPairMap$Pair$Lookup
instanceKlass java/lang/WeakPairMap$Pair
instanceKlass java/lang/WeakPairMap
instanceKlass java/lang/Module$ReflectionData
instanceKlass java/util/Spliterators$1Adapter
instanceKlass java/util/stream/Stream
instanceKlass java/util/Spliterators$ArraySpliterator
instanceKlass java/util/Spliterator$OfDouble
instanceKlass java/util/Spliterator$OfLong
instanceKlass java/util/Spliterators$EmptySpliterator
instanceKlass java/util/Spliterators
instanceKlass java/util/spi/ResourceBundleControlProvider
instanceKlass java/util/ResourceBundle$ResourceBundleControlProviderHolder$$Lambda$13
instanceKlass java/util/ResourceBundle$ResourceBundleControlProviderHolder
instanceKlass org/apache/maven/surefire/testng/TestNGReporter
instanceKlass org/testng/ISuiteListener
instanceKlass org/testng/internal/IResultListener
instanceKlass org/testng/IConfigurationListener
instanceKlass java/lang/Character$CharacterCache
instanceKlass java/util/Formattable
instanceKlass java/util/Formatter$Conversion
instanceKlass java/util/Formatter$Flags
instanceKlass java/util/Formatter$FormatSpecifier
instanceKlass java/util/Formatter$FixedString
instanceKlass java/util/Formatter$FormatString
instanceKlass java/util/regex/ASCII
instanceKlass java/util/regex/IntHashSet
instanceKlass java/util/regex/Matcher
instanceKlass java/util/regex/MatchResult
instanceKlass java/lang/StringUTF16$CharsSpliterator
instanceKlass java/util/stream/Sink$ChainedInt
instanceKlass java/util/stream/FindOps$FindSink$OfInt$$Lambda$12
instanceKlass java/util/stream/FindOps$FindSink$OfInt$$Lambda$11
instanceKlass java/util/stream/FindOps$FindSink$OfInt$$Lambda$10
instanceKlass java/util/stream/FindOps$FindSink$OfInt$$Lambda$9
instanceKlass java/util/function/Predicate
instanceKlass java/util/OptionalInt
instanceKlass java/util/stream/FindOps$FindOp
instanceKlass java/util/stream/TerminalOp
instanceKlass java/util/stream/FindOps$FindSink
instanceKlass java/util/stream/TerminalSink
instanceKlass java/util/stream/Sink$OfInt
instanceKlass java/util/function/IntConsumer
instanceKlass java/util/stream/Sink
instanceKlass java/util/function/Consumer
instanceKlass java/util/stream/FindOps
instanceKlass java/text/DecimalFormatSymbols$$Lambda$8
instanceKlass java/util/function/IntPredicate
instanceKlass sun/reflect/annotation/AnnotationParser
instanceKlass java/lang/Class$3
instanceKlass java/util/EnumMap$1
instanceKlass java/util/stream/StreamOpFlag$MaskBuilder
instanceKlass java/util/stream/PipelineHelper
instanceKlass java/util/stream/IntStream
instanceKlass java/util/stream/BaseStream
instanceKlass java/util/stream/StreamSupport
instanceKlass java/lang/StringLatin1$CharsSpliterator
instanceKlass java/util/Spliterator$OfInt
instanceKlass java/util/Spliterator$OfPrimitive
instanceKlass java/util/Spliterator
instanceKlass sun/util/resources/Bundles$2
instanceKlass sun/util/resources/Bundles$CacheKeyReference
instanceKlass java/util/ResourceBundle$ResourceBundleProviderHelper$$Lambda$7
instanceKlass java/util/ResourceBundle$ResourceBundleProviderHelper
instanceKlass java/util/ArrayList$SubList$1
instanceKlass java/util/LinkedList$Node
instanceKlass sun/util/resources/LocaleData$LocaleDataResourceBundleProvider
instanceKlass java/util/spi/ResourceBundleProvider
instanceKlass sun/util/resources/Bundles$CacheKey
instanceKlass java/util/ResourceBundle$1
instanceKlass jdk/internal/access/JavaUtilResourceBundleAccess
instanceKlass sun/util/resources/Bundles
instanceKlass sun/util/resources/LocaleData$LocaleDataStrategy
instanceKlass sun/util/resources/Bundles$Strategy
instanceKlass sun/util/resources/LocaleData$1
instanceKlass java/util/Locale$Builder
instanceKlass sun/util/locale/provider/CalendarDataUtility
instanceKlass sun/util/locale/provider/AvailableLanguageTags
instanceKlass sun/util/locale/provider/JRELocaleProviderAdapter$$Lambda$6
instanceKlass java/util/ServiceLoader$ProviderImpl
instanceKlass java/util/ServiceLoader$Provider
instanceKlass java/util/ServiceLoader$1
instanceKlass sun/util/resources/cldr/provider/CLDRLocaleDataMetaInfo
instanceKlass jdk/internal/jimage/decompressor/ZipDecompressor
instanceKlass jdk/internal/jimage/decompressor/ResourceDecompressor
instanceKlass jdk/internal/jimage/decompressor/ResourceDecompressorFactory
instanceKlass jdk/internal/jimage/decompressor/ResourceDecompressorRepository
instanceKlass jdk/internal/jimage/decompressor/CompressedResourceHeader
instanceKlass jdk/internal/jimage/BasicImageReader$$Lambda$5
instanceKlass jdk/internal/jimage/decompressor/ResourceDecompressor$StringsProvider
instanceKlass java/util/TimSort
instanceKlass java/util/Arrays$LegacyMergeSort
instanceKlass jdk/internal/jimage/ImageBufferCache$2
instanceKlass jdk/internal/jimage/ImageBufferCache
instanceKlass jdk/internal/module/ModulePatcher$PatchedModuleReader
instanceKlass java/util/ServiceLoader$3
instanceKlass java/util/ServiceLoader$2
instanceKlass java/util/ServiceLoader$LazyClassPathLookupIterator
instanceKlass java/util/concurrent/CopyOnWriteArrayList$COWIterator
instanceKlass jdk/internal/loader/AbstractClassLoaderValue$Memoizer
instanceKlass java/util/ServiceLoader$ModuleServicesLookupIterator
instanceKlass java/util/ServiceLoader
instanceKlass sun/util/cldr/CLDRLocaleProviderAdapter$1
instanceKlass sun/util/locale/InternalLocaleBuilder$CaseInsensitiveChar
instanceKlass sun/util/locale/InternalLocaleBuilder
instanceKlass sun/util/locale/StringTokenIterator
instanceKlass sun/util/locale/ParseStatus
instanceKlass sun/util/cldr/CLDRBaseLocaleDataMetaInfo
instanceKlass sun/util/locale/provider/LocaleDataMetaInfo
instanceKlass sun/util/locale/provider/LocaleProviderAdapter$1
instanceKlass java/util/ResourceBundle
instanceKlass java/util/ResourceBundle$Control
instanceKlass sun/util/resources/LocaleData
instanceKlass sun/util/locale/provider/LocaleResources
instanceKlass java/util/Collections$EmptyIterator
instanceKlass sun/util/locale/LanguageTag
instanceKlass sun/util/locale/provider/ResourceBundleBasedAdapter
instanceKlass sun/util/locale/provider/LocaleProviderAdapter
instanceKlass java/util/spi/LocaleServiceProvider
instanceKlass java/text/DecimalFormatSymbols
instanceKlass java/util/Locale$1
instanceKlass java/util/regex/Pattern$TreeInfo
instanceKlass java/util/regex/Pattern$BmpCharPredicate$$Lambda$4
instanceKlass java/util/regex/Pattern$$Lambda$3
instanceKlass java/util/regex/Pattern$BitClass
instanceKlass java/lang/invoke/LambdaForm$MH
instanceKlass java/lang/invoke/InvokerBytecodeGenerator$CpPatch
instanceKlass jdk/internal/org/objectweb/asm/Frame
instanceKlass java/lang/invoke/LambdaFormBuffer
instanceKlass java/lang/invoke/LambdaFormEditor
instanceKlass java/lang/invoke/DelegatingMethodHandle$Holder
instanceKlass sun/invoke/util/Wrapper$1
instanceKlass java/lang/invoke/DirectMethodHandle$1
instanceKlass sun/invoke/empty/Empty
instanceKlass sun/invoke/util/VerifyType
instanceKlass java/lang/invoke/ClassSpecializer$Factory
instanceKlass java/lang/invoke/ClassSpecializer$SpeciesData
instanceKlass java/lang/invoke/ClassSpecializer$1
instanceKlass java/lang/invoke/ClassSpecializer
instanceKlass java/lang/invoke/InnerClassLambdaMetafactory$1
instanceKlass java/util/regex/CharPredicates$$Lambda$2
instanceKlass java/util/regex/CharPredicates
instanceKlass java/util/regex/Pattern$$Lambda$1
instanceKlass jdk/internal/org/objectweb/asm/Handler
instanceKlass jdk/internal/org/objectweb/asm/AnnotationVisitor
instanceKlass jdk/internal/org/objectweb/asm/Label
instanceKlass jdk/internal/org/objectweb/asm/MethodVisitor
instanceKlass jdk/internal/org/objectweb/asm/FieldVisitor
instanceKlass jdk/internal/org/objectweb/asm/ByteVector
instanceKlass jdk/internal/org/objectweb/asm/Symbol
instanceKlass jdk/internal/org/objectweb/asm/SymbolTable
instanceKlass jdk/internal/org/objectweb/asm/ClassVisitor
instanceKlass sun/invoke/util/BytecodeDescriptor
instanceKlass java/lang/invoke/InfoFromMemberName
instanceKlass java/lang/invoke/MethodHandleInfo
instanceKlass sun/security/action/GetBooleanAction
instanceKlass jdk/internal/org/objectweb/asm/Type
instanceKlass java/lang/invoke/AbstractValidatingLambdaMetafactory
instanceKlass java/lang/invoke/MethodHandleImpl$1
instanceKlass jdk/internal/access/JavaLangInvokeAccess
instanceKlass java/lang/invoke/Invokers$Holder
instanceKlass java/lang/invoke/BootstrapMethodInvoker
instanceKlass java/util/regex/Pattern$BmpCharPredicate
instanceKlass java/util/regex/Pattern$CharPredicate
instanceKlass java/lang/invoke/InvokerBytecodeGenerator$2
instanceKlass java/lang/invoke/InvokerBytecodeGenerator
instanceKlass java/lang/invoke/LambdaForm$Holder
instanceKlass java/lang/invoke/LambdaForm$Name
instanceKlass java/lang/invoke/Invokers
instanceKlass java/lang/invoke/MethodHandleImpl
instanceKlass sun/invoke/util/ValueConversions
instanceKlass java/lang/invoke/DirectMethodHandle$Holder
instanceKlass java/lang/invoke/LambdaForm$NamedFunction
instanceKlass sun/invoke/util/Wrapper$Format
instanceKlass sun/invoke/util/VerifyAccess
instanceKlass java/lang/invoke/MemberName$Factory
instanceKlass java/lang/invoke/MethodHandles
instanceKlass java/lang/invoke/MethodTypeForm
instanceKlass java/lang/invoke/MethodType$ConcurrentWeakInternSet
instanceKlass java/lang/invoke/MethodHandles$Lookup
instanceKlass java/lang/invoke/LambdaMetafactory
instanceKlass java/util/regex/Pattern$Node
instanceKlass java/util/regex/Pattern
instanceKlass java/util/Formatter
instanceKlass java/io/Reader
instanceKlass org/testng/internal/Utils
instanceKlass org/apache/maven/surefire/testng/conf/TestNGMapConfigurator
instanceKlass org/apache/maven/surefire/testng/conf/Configurator
instanceKlass org/testng/annotations/AfterMethod
instanceKlass org/testng/internal/annotations/IAfterMethod
instanceKlass org/testng/annotations/BeforeMethod
instanceKlass org/testng/internal/annotations/IBeforeMethod
instanceKlass org/testng/annotations/AfterGroups
instanceKlass org/testng/internal/annotations/IAfterGroups
instanceKlass org/testng/annotations/BeforeGroups
instanceKlass org/testng/internal/annotations/IBeforeGroups
instanceKlass org/testng/annotations/AfterClass
instanceKlass org/testng/internal/annotations/IAfterClass
instanceKlass org/testng/annotations/BeforeClass
instanceKlass org/testng/internal/annotations/IBeforeClass
instanceKlass org/testng/annotations/AfterTest
instanceKlass org/testng/internal/annotations/IAfterTest
instanceKlass org/testng/annotations/BeforeTest
instanceKlass org/testng/internal/annotations/IBeforeTest
instanceKlass org/testng/annotations/AfterSuite
instanceKlass org/testng/internal/annotations/IAfterSuite
instanceKlass org/testng/annotations/BeforeSuite
instanceKlass org/testng/internal/annotations/IBeforeSuite
instanceKlass org/testng/internal/annotations/IBaseBeforeAfter
instanceKlass org/testng/annotations/ITestAnnotation
instanceKlass org/testng/annotations/ITestOrConfiguration
instanceKlass org/testng/annotations/Parameters
instanceKlass org/testng/annotations/IParametersAnnotation
instanceKlass org/testng/annotations/ObjectFactory
instanceKlass org/testng/annotations/IObjectFactoryAnnotation
instanceKlass org/testng/annotations/Factory
instanceKlass org/testng/annotations/IFactoryAnnotation
instanceKlass org/testng/internal/annotations/IDataProvidable
instanceKlass org/testng/annotations/IParameterizable
instanceKlass org/testng/annotations/DataProvider
instanceKlass org/testng/annotations/IDataProviderAnnotation
instanceKlass org/testng/annotations/Listeners
instanceKlass org/testng/annotations/IListenersAnnotation
instanceKlass org/testng/internal/annotations/JDK15TagFactory$2
instanceKlass org/testng/internal/annotations/JDK15TagFactory$1
instanceKlass org/testng/annotations/IAnnotation
instanceKlass org/testng/internal/annotations/JDK15TagFactory$Default
instanceKlass org/testng/internal/annotations/JDK15TagFactory
instanceKlass org/testng/internal/annotations/JDK15AnnotationFinder
instanceKlass org/testng/internal/Configuration
instanceKlass org/testng/CommandLineArgs
instanceKlass org/testng/internal/annotations/IgnoreListener
instanceKlass org/testng/internal/annotations/IAnnotationTransformer
instanceKlass org/testng/collections/Sets
instanceKlass org/testng/xml/XmlSuite
instanceKlass org/testng/collections/Lists
instanceKlass jdk/internal/jimage/ImageLocation
instanceKlass jdk/internal/jimage/decompressor/Decompressor
instanceKlass jdk/internal/jimage/ImageStringsReader
instanceKlass jdk/internal/jimage/ImageStrings
instanceKlass jdk/internal/jimage/ImageHeader
instanceKlass jdk/internal/jimage/NativeImageBuffer$1
instanceKlass jdk/internal/jimage/NativeImageBuffer
instanceKlass jdk/internal/jimage/BasicImageReader$1
instanceKlass jdk/internal/jimage/BasicImageReader
instanceKlass jdk/internal/jimage/ImageReader
instanceKlass jdk/internal/jimage/ImageReaderFactory$1
instanceKlass java/nio/file/Paths
instanceKlass jdk/internal/jimage/ImageReaderFactory
instanceKlass jdk/internal/module/SystemModuleFinders$SystemImage
instanceKlass jdk/internal/module/SystemModuleFinders$SystemModuleReader
instanceKlass java/lang/module/ModuleReader
instanceKlass jdk/internal/loader/BuiltinClassLoader$5
instanceKlass jdk/internal/loader/BuiltinClassLoader$2
instanceKlass jdk/internal/module/Resources
instanceKlass org/testng/collections/Maps
instanceKlass org/testng/log4testng/Logger
instanceKlass org/testng/internal/thread/graph/IThreadWorkerFactory
instanceKlass java/util/concurrent/BlockingQueue
instanceKlass org/testng/ISuite
instanceKlass org/testng/IAttributes
instanceKlass org/testng/internal/annotations/IAnnotationFinder
instanceKlass org/testng/ITestListener
instanceKlass org/testng/xml/IPostProcessor
instanceKlass org/testng/internal/IConfiguration
instanceKlass org/testng/IAnnotationTransformer
instanceKlass org/testng/ITestNGListener
instanceKlass org/testng/TestNG
instanceKlass org/testng/annotations/Test
instanceKlass org/apache/maven/surefire/testng/TestNGExecutor
instanceKlass org/apache/maven/surefire/report/SimpleReportEntry
instanceKlass org/apache/maven/surefire/util/ScannerFilter
instanceKlass java/util/SortedMap
instanceKlass org/apache/maven/surefire/report/ReportEntry
instanceKlass org/apache/maven/surefire/report/ConsoleOutputCapture
instanceKlass java/nio/charset/CoderResult
instanceKlass java/lang/Readable
instanceKlass org/apache/maven/surefire/util/internal/StringUtils
instanceKlass java/util/Hashtable$Enumerator
instanceKlass java/util/concurrent/ConcurrentHashMap$MapEntry
instanceKlass java/util/Properties$EntrySet
instanceKlass org/apache/maven/surefire/booter/ForkingRunListener
instanceKlass org/apache/maven/surefire/report/ConsoleOutputReceiver
instanceKlass org/apache/maven/surefire/util/DefaultScanResult
instanceKlass org/apache/maven/surefire/util/DefaultRunOrderCalculator
instanceKlass org/apache/maven/surefire/testng/TestNGDirectoryTestSuite
instanceKlass org/apache/maven/surefire/testng/TestNGXmlTestSuite
instanceKlass org/apache/maven/surefire/testng/TestNgTestSuite
instanceKlass org/apache/maven/surefire/providerapi/AbstractProvider
instanceKlass org/apache/maven/surefire/util/ReflectionUtils
instanceKlass org/apache/maven/surefire/util/RunOrderCalculator
instanceKlass org/apache/maven/surefire/util/DirectoryScanner
instanceKlass org/apache/maven/surefire/util/ScanResult
instanceKlass org/apache/maven/surefire/report/ConsoleLogger
instanceKlass org/apache/maven/surefire/booter/BaseProviderFactory
instanceKlass org/apache/maven/surefire/booter/RunOrderParametersAware
instanceKlass org/apache/maven/surefire/booter/TestArtifactInfoAware
instanceKlass org/apache/maven/surefire/providerapi/ProviderParameters
instanceKlass org/apache/maven/surefire/booter/ProviderPropertiesAware
instanceKlass org/apache/maven/surefire/booter/TestRequestAware
instanceKlass org/apache/maven/surefire/booter/SurefireClassLoadersAware
instanceKlass org/apache/maven/surefire/booter/ReporterConfigurationAware
instanceKlass org/apache/maven/surefire/booter/DirectoryScannerParametersAware
instanceKlass org/apache/maven/surefire/report/RunListener
instanceKlass org/apache/maven/surefire/booter/ForkingReporterFactory
instanceKlass org/apache/maven/surefire/report/ReporterFactory
instanceKlass org/apache/maven/surefire/booter/SurefireReflector
instanceKlass java/util/Collections$UnmodifiableCollection$1
instanceKlass org/apache/maven/surefire/booter/Classpath
instanceKlass org/apache/maven/surefire/booter/ClasspathConfiguration
instanceKlass org/apache/maven/surefire/booter/ClassLoaderConfiguration
instanceKlass org/apache/maven/surefire/report/ReporterConfiguration
instanceKlass org/apache/maven/surefire/testset/TestRequest
instanceKlass org/apache/maven/surefire/testset/TestArtifactInfo
instanceKlass org/apache/maven/surefire/testset/RunOrderParameters
instanceKlass org/apache/maven/surefire/util/RunOrder
instanceKlass org/apache/maven/surefire/testset/DirectoryScannerParameters
instanceKlass org/apache/maven/surefire/booter/TypeEncodedValue
instanceKlass org/apache/maven/surefire/booter/BooterDeserializer
instanceKlass java/util/Collections$SynchronizedCollection
instanceKlass org/apache/maven/surefire/booter/PropertiesWrapper
instanceKlass org/apache/maven/surefire/booter/KeyValueSource
instanceKlass java/io/FileInputStream$1
instanceKlass java/util/Properties$LineReader
instanceKlass org/apache/maven/surefire/booter/SystemPropertyManager
instanceKlass java/lang/Void
instanceKlass java/lang/PublicMethods$Key
instanceKlass java/lang/PublicMethods$MethodList
instanceKlass org/apache/maven/surefire/providerapi/SurefireProvider
instanceKlass org/apache/maven/surefire/suite/RunResult
instanceKlass org/apache/maven/surefire/booter/StartupConfiguration
instanceKlass org/apache/maven/surefire/booter/ProviderConfiguration
instanceKlass org/apache/maven/surefire/report/StackTraceWriter
instanceKlass org/apache/maven/surefire/booter/ForkedBooter
instanceKlass java/security/SecureClassLoader$DebugHolder
instanceKlass java/security/Permissions$1
instanceKlass java/security/Permission
instanceKlass java/security/Guard
instanceKlass java/security/PermissionCollection
instanceKlass java/security/SecureClassLoader$1
instanceKlass java/security/SecureClassLoader$CodeSourceKey
instanceKlass sun/nio/ByteBuffered
instanceKlass java/lang/Package$VersionInfo
instanceKlass java/lang/NamedPackage
instanceKlass jdk/internal/loader/Resource
instanceKlass jdk/internal/util/ArraysSupport
instanceKlass java/util/StringTokenizer
instanceKlass jdk/internal/util/jar/JarIndex
instanceKlass jdk/internal/loader/FileURLMapper
instanceKlass jdk/internal/loader/URLClassPath$JarLoader$1
instanceKlass jdk/internal/loader/URLClassPath$Loader
instanceKlass jdk/internal/loader/URLClassPath$3
instanceKlass java/security/PrivilegedExceptionAction
instanceKlass sun/net/util/URLUtil
instanceKlass java/io/RandomAccessFile$1
instanceKlass java/util/jar/Attributes$Name
instanceKlass java/util/jar/Attributes
instanceKlass java/security/CodeSigner
instanceKlass sun/security/util/Debug
instanceKlass java/util/jar/JarVerifier
instanceKlass java/util/zip/ZipFile$InflaterCleanupAction
instanceKlass java/util/zip/Inflater$InflaterZStreamRef
instanceKlass java/util/zip/Inflater
instanceKlass java/util/zip/ZipEntry
instanceKlass java/util/jar/JarFile$1
instanceKlass java/nio/Bits$1
instanceKlass jdk/internal/access/JavaNioAccess$BufferPool
instanceKlass java/nio/Bits
instanceKlass sun/nio/ch/DirectBuffer
instanceKlass jdk/internal/perf/PerfCounter$CoreCounters
instanceKlass jdk/internal/perf/Perf
instanceKlass jdk/internal/perf/Perf$GetPerfAction
instanceKlass jdk/internal/perf/PerfCounter
instanceKlass java/util/zip/ZipUtils
instanceKlass java/util/zip/ZipFile$Source$End
instanceKlass java/io/RandomAccessFile$2
instanceKlass jdk/internal/access/JavaIORandomAccessFileAccess
instanceKlass java/io/RandomAccessFile
instanceKlass java/io/DataInput
instanceKlass java/io/DataOutput
instanceKlass sun/util/locale/LocaleObjectCache
instanceKlass sun/util/locale/BaseLocale$Key
instanceKlass sun/util/locale/LocaleUtils
instanceKlass sun/util/locale/BaseLocale
instanceKlass java/util/Locale
instanceKlass java/nio/file/attribute/FileTime
instanceKlass sun/nio/fs/WindowsNativeDispatcher$CompletionStatus
instanceKlass sun/nio/fs/WindowsNativeDispatcher$AclInformation
instanceKlass sun/nio/fs/WindowsNativeDispatcher$Account
instanceKlass sun/nio/fs/WindowsNativeDispatcher$DiskFreeSpace
instanceKlass sun/nio/fs/WindowsNativeDispatcher$VolumeInformation
instanceKlass sun/nio/fs/WindowsNativeDispatcher$FirstStream
instanceKlass sun/nio/fs/WindowsNativeDispatcher$FirstFile
instanceKlass java/util/concurrent/ConcurrentHashMap$Traverser
instanceKlass java/util/Enumeration
instanceKlass java/util/concurrent/ConcurrentHashMap$CollectionView
instanceKlass java/util/ArrayDeque$DeqIterator
instanceKlass java/lang/ClassLoader$NativeLibrary
instanceKlass java/lang/ClassLoader$2
instanceKlass sun/nio/fs/WindowsNativeDispatcher
instanceKlass sun/nio/fs/NativeBuffer$Deallocator
instanceKlass sun/nio/fs/NativeBuffer
instanceKlass sun/nio/fs/NativeBuffers
instanceKlass sun/nio/fs/WindowsFileAttributes
instanceKlass java/nio/file/attribute/DosFileAttributes
instanceKlass sun/nio/fs/AbstractBasicFileAttributeView
instanceKlass sun/nio/fs/DynamicFileAttributeView
instanceKlass sun/nio/fs/WindowsFileAttributeViews
instanceKlass sun/nio/fs/Util
instanceKlass java/nio/file/attribute/BasicFileAttributeView
instanceKlass java/nio/file/attribute/FileAttributeView
instanceKlass java/nio/file/attribute/AttributeView
instanceKlass java/nio/file/Files
instanceKlass java/nio/file/CopyOption
instanceKlass java/nio/file/attribute/BasicFileAttributes
instanceKlass sun/nio/fs/WindowsPath
instanceKlass java/nio/file/Path
instanceKlass java/nio/file/Watchable
instanceKlass java/net/URI$Parser
instanceKlass sun/nio/fs/WindowsPathParser$Result
instanceKlass sun/nio/fs/WindowsPathParser
instanceKlass java/util/Arrays$ArrayItr
instanceKlass java/nio/file/FileSystem
instanceKlass java/nio/file/OpenOption
instanceKlass java/nio/file/spi/FileSystemProvider
instanceKlass sun/nio/fs/DefaultFileSystemProvider
instanceKlass java/nio/file/FileSystems$DefaultFileSystemHolder$1
instanceKlass java/nio/file/FileSystems$DefaultFileSystemHolder
instanceKlass java/nio/file/FileSystems
instanceKlass java/util/zip/ZipFile$Source$Key
instanceKlass java/util/zip/ZipFile$Source
instanceKlass jdk/internal/misc/InnocuousThread$2
instanceKlass jdk/internal/misc/InnocuousThread$3
instanceKlass jdk/internal/ref/CleanerFactory$1$1
instanceKlass java/lang/ref/Cleaner$Cleanable
instanceKlass jdk/internal/ref/CleanerImpl
instanceKlass java/lang/ref/Cleaner$1
instanceKlass java/lang/ref/Cleaner
instanceKlass jdk/internal/ref/CleanerFactory$1
instanceKlass java/util/concurrent/ThreadFactory
instanceKlass jdk/internal/ref/CleanerFactory
instanceKlass java/util/zip/ZipFile$CleanableResource
instanceKlass java/util/zip/ZipCoder
instanceKlass java/lang/Runtime$Version
instanceKlass java/util/jar/JavaUtilJarAccessImpl
instanceKlass jdk/internal/access/JavaUtilJarAccess
instanceKlass java/util/zip/ZipFile$1
instanceKlass jdk/internal/access/JavaUtilZipFileAccess
instanceKlass java/util/zip/ZipFile
instanceKlass java/util/zip/ZipConstants
instanceKlass java/lang/StringCoding$Result
instanceKlass java/nio/charset/CharsetDecoder
instanceKlass sun/nio/cs/ArrayDecoder
instanceKlass java/lang/StringCoding$StringDecoder
instanceKlass java/lang/ThreadLocal$ThreadLocalMap
instanceKlass java/lang/StringCoding
instanceKlass sun/launcher/LauncherHelper
instanceKlass jdk/internal/module/IllegalAccessLogger
instanceKlass jdk/internal/module/ModuleBootstrap$2
instanceKlass java/util/Collections$UnmodifiableCollection
instanceKlass jdk/internal/module/IllegalAccessLogger$Builder
instanceKlass java/lang/ModuleLayer$Controller
instanceKlass java/util/ImmutableCollections$ListItr
instanceKlass java/util/ListIterator
instanceKlass jdk/internal/module/ServicesCatalog$ServiceProvider
instanceKlass java/util/concurrent/CopyOnWriteArrayList
instanceKlass java/util/ArrayList$Itr
instanceKlass java/lang/ModuleLayer
instanceKlass jdk/internal/module/ModuleLoaderMap$Mapper
instanceKlass java/util/function/Function
instanceKlass jdk/internal/module/ModuleLoaderMap
instanceKlass java/util/ImmutableCollections$Set12$1
instanceKlass java/util/ImmutableCollections$MapN$MapNIterator
instanceKlass java/util/AbstractMap$1$1
instanceKlass java/lang/module/ResolvedModule
instanceKlass java/lang/module/Configuration
instanceKlass java/lang/reflect/Array
instanceKlass java/util/ImmutableCollections
instanceKlass java/util/ImmutableCollections$SetN$SetNIterator
instanceKlass jdk/internal/loader/BuiltinClassLoader$LoadedModule
instanceKlass jdk/internal/util/Preconditions
instanceKlass java/util/Deque
instanceKlass java/util/Queue
instanceKlass sun/net/util/IPAddressUtil
instanceKlass java/net/URLStreamHandler
instanceKlass sun/net/www/ParseUtil
instanceKlass java/net/URL$3
instanceKlass jdk/internal/access/JavaNetURLAccess
instanceKlass java/net/URL$DefaultFactory
instanceKlass java/net/URLStreamHandlerFactory
instanceKlass jdk/internal/loader/URLClassPath
instanceKlass java/security/Principal
instanceKlass java/security/ProtectionDomain$Key
instanceKlass java/security/ProtectionDomain$JavaSecurityAccessImpl
instanceKlass jdk/internal/access/JavaSecurityAccess
instanceKlass java/lang/ClassLoader$ParallelLoaders
instanceKlass jdk/internal/loader/AbstractClassLoaderValue
instanceKlass jdk/internal/module/ServicesCatalog
instanceKlass jdk/internal/loader/BootLoader
instanceKlass java/util/Optional
instanceKlass jdk/internal/module/ModuleBootstrap$Counters
instanceKlass jdk/internal/module/SystemModuleFinders$SystemModuleFinder
instanceKlass java/lang/module/ModuleFinder
instanceKlass jdk/internal/module/SystemModuleFinders$3
instanceKlass jdk/internal/module/ModuleHashes$HashSupplier
instanceKlass java/util/KeyValueHolder
instanceKlass jdk/internal/module/SystemModuleFinders$2
instanceKlass java/util/function/Supplier
instanceKlass java/lang/module/ModuleReference
instanceKlass jdk/internal/module/ModuleResolution
instanceKlass java/util/Collections$UnmodifiableMap
instanceKlass jdk/internal/module/ModuleHashes$Builder
instanceKlass jdk/internal/module/ModuleHashes
instanceKlass jdk/internal/module/ModuleTarget
instanceKlass java/lang/Enum
instanceKlass java/lang/module/ModuleDescriptor$Version
instanceKlass java/lang/module/ModuleDescriptor$Provides
instanceKlass java/lang/module/ModuleDescriptor$Opens
instanceKlass java/lang/module/ModuleDescriptor$Exports
instanceKlass java/lang/module/ModuleDescriptor$Requires
instanceKlass jdk/internal/module/Builder
instanceKlass jdk/internal/module/SystemModules$default
instanceKlass jdk/internal/module/SystemModules
instanceKlass jdk/internal/module/SystemModulesMap
instanceKlass java/net/URI$1
instanceKlass jdk/internal/access/JavaNetUriAccess
instanceKlass java/net/URI
instanceKlass jdk/internal/module/SystemModuleFinders
instanceKlass jdk/internal/module/ArchivedModuleGraph
instanceKlass jdk/internal/module/ModulePatcher
instanceKlass java/lang/module/ModuleDescriptor$1
instanceKlass jdk/internal/access/JavaLangModuleAccess
instanceKlass java/lang/module/ModuleDescriptor
instanceKlass jdk/internal/module/ModuleBootstrap
instanceKlass java/lang/CharacterData
instanceKlass java/lang/invoke/MethodHandleStatics
instanceKlass java/util/List
instanceKlass java/util/RandomAccess
instanceKlass java/util/Collections
instanceKlass java/io/FileSystem
instanceKlass java/io/DefaultFileSystem
instanceKlass java/io/File
instanceKlass java/lang/System$2
instanceKlass jdk/internal/access/JavaLangAccess
instanceKlass sun/io/Win32ErrorMode
instanceKlass jdk/internal/misc/OSEnvironment
instanceKlass java/lang/Integer$IntegerCache
instanceKlass jdk/internal/misc/Signal$NativeHandler
instanceKlass java/util/Hashtable$Entry
instanceKlass jdk/internal/misc/Signal
instanceKlass java/lang/Terminator$1
instanceKlass jdk/internal/misc/Signal$Handler
instanceKlass java/lang/Terminator
instanceKlass java/nio/ByteOrder
instanceKlass java/nio/Buffer$1
instanceKlass jdk/internal/access/JavaNioAccess
instanceKlass java/nio/charset/CodingErrorAction
instanceKlass java/nio/charset/CharsetEncoder
instanceKlass sun/nio/cs/ArrayEncoder
instanceKlass java/lang/reflect/Modifier
instanceKlass java/lang/Class$1
instanceKlass java/lang/Class$Atomic
instanceKlass java/lang/Class$ReflectionData
instanceKlass sun/nio/cs/SingleByte
instanceKlass java/lang/StringUTF16
instanceKlass java/nio/charset/StandardCharsets
instanceKlass sun/nio/cs/HistoricallyNamedCharset
instanceKlass java/util/Arrays
instanceKlass sun/security/action/GetPropertyAction
instanceKlass java/lang/ThreadLocal
instanceKlass java/nio/charset/spi/CharsetProvider
instanceKlass java/nio/charset/Charset
instanceKlass java/io/Writer
instanceKlass java/io/OutputStream
instanceKlass java/io/Flushable
instanceKlass java/io/FileDescriptor$1
instanceKlass jdk/internal/access/JavaIOFileDescriptorAccess
instanceKlass java/io/FileDescriptor
instanceKlass jdk/internal/util/StaticProperty
instanceKlass java/util/HashMap$HashIterator
instanceKlass java/lang/VersionProps
instanceKlass java/lang/StringConcatHelper
instanceKlass java/util/HashMap$Node
instanceKlass java/lang/StringLatin1
instanceKlass jdk/internal/util/SystemProps$Raw
instanceKlass jdk/internal/util/SystemProps
instanceKlass java/lang/ref/Reference$1
instanceKlass jdk/internal/access/JavaLangRefAccess
instanceKlass java/lang/ref/ReferenceQueue$Lock
instanceKlass java/lang/ref/ReferenceQueue
instanceKlass jdk/internal/reflect/ReflectionFactory
instanceKlass java/util/concurrent/locks/LockSupport
instanceKlass java/util/concurrent/ConcurrentHashMap$Node
instanceKlass java/util/Map$Entry
instanceKlass java/util/concurrent/ConcurrentHashMap$CounterCell
instanceKlass java/util/concurrent/locks/ReentrantLock
instanceKlass java/util/concurrent/locks/Lock
instanceKlass java/lang/Runtime
instanceKlass java/util/concurrent/ConcurrentMap
instanceKlass java/security/cert/Certificate
instanceKlass java/lang/Math
instanceKlass jdk/internal/misc/VM
instanceKlass java/util/AbstractMap
instanceKlass jdk/internal/reflect/Reflection
instanceKlass jdk/internal/reflect/ReflectionFactory$GetReflectionFactoryAction
instanceKlass java/security/PrivilegedAction
instanceKlass jdk/internal/access/SharedSecrets
instanceKlass java/lang/reflect/ReflectAccess
instanceKlass jdk/internal/access/JavaLangReflectAccess
instanceKlass java/util/Objects
instanceKlass java/util/AbstractCollection
instanceKlass java/util/Set
instanceKlass java/util/Collection
instanceKlass java/lang/Iterable
instanceKlass java/lang/String$CaseInsensitiveComparator
instanceKlass java/util/Comparator
instanceKlass java/io/ObjectStreamField
instanceKlass java/lang/reflect/RecordComponent
instanceKlass java/util/Iterator
instanceKlass java/lang/Number
instanceKlass java/lang/Character
instanceKlass java/lang/Boolean
instanceKlass java/util/concurrent/locks/AbstractOwnableSynchronizer
instanceKlass java/lang/LiveStackFrame
instanceKlass java/lang/StackFrameInfo
instanceKlass java/lang/StackWalker$StackFrame
instanceKlass java/lang/StackStreamFactory$AbstractStackWalker
instanceKlass java/lang/StackWalker
instanceKlass java/nio/Buffer
instanceKlass java/lang/StackTraceElement
instanceKlass java/security/CodeSource
instanceKlass jdk/internal/loader/ClassLoaders
instanceKlass java/util/jar/Manifest
instanceKlass java/net/URL
instanceKlass java/io/InputStream
instanceKlass java/io/Closeable
instanceKlass java/lang/AutoCloseable
instanceKlass jdk/internal/module/Modules
instanceKlass jdk/internal/misc/Unsafe
instanceKlass jdk/internal/misc/UnsafeConstants
instanceKlass java/lang/AbstractStringBuilder
instanceKlass java/lang/Appendable
instanceKlass java/lang/AssertionStatusDirectives
instanceKlass java/lang/invoke/MethodHandleNatives$CallSiteContext
instanceKlass java/lang/invoke/CallSite
instanceKlass java/lang/invoke/MethodType
instanceKlass java/lang/invoke/TypeDescriptor$OfMethod
instanceKlass java/lang/invoke/LambdaForm
instanceKlass java/lang/invoke/MethodHandleNatives
instanceKlass java/lang/invoke/ResolvedMethodName
instanceKlass java/lang/invoke/MemberName
instanceKlass java/lang/invoke/VarHandle
instanceKlass java/lang/invoke/MethodHandle
instanceKlass jdk/internal/reflect/CallerSensitive
instanceKlass java/lang/annotation/Annotation
instanceKlass jdk/internal/reflect/FieldAccessor
instanceKlass jdk/internal/reflect/ConstantPool
instanceKlass jdk/internal/reflect/ConstructorAccessor
instanceKlass jdk/internal/reflect/MethodAccessor
instanceKlass jdk/internal/reflect/MagicAccessorImpl
instanceKlass java/lang/reflect/Parameter
instanceKlass java/lang/reflect/Member
instanceKlass java/lang/reflect/AccessibleObject
instanceKlass java/lang/Module
instanceKlass java/util/Dictionary
instanceKlass java/util/Map
instanceKlass java/lang/ThreadGroup
instanceKlass java/lang/Thread$UncaughtExceptionHandler
instanceKlass java/lang/Thread
instanceKlass java/lang/Runnable
instanceKlass java/lang/ref/Reference
instanceKlass java/lang/Record
instanceKlass java/security/AccessController
instanceKlass java/security/AccessControlContext
instanceKlass java/security/ProtectionDomain
instanceKlass java/lang/SecurityManager
instanceKlass java/lang/Throwable
instanceKlass java/lang/System
instanceKlass java/lang/ClassLoader
instanceKlass java/lang/Cloneable
instanceKlass java/lang/Class
instanceKlass java/lang/invoke/TypeDescriptor$OfField
instanceKlass java/lang/invoke/TypeDescriptor
instanceKlass java/lang/reflect/Type
instanceKlass java/lang/reflect/GenericDeclaration
instanceKlass java/lang/reflect/AnnotatedElement
instanceKlass java/lang/String
instanceKlass java/lang/constant/ConstantDesc
instanceKlass java/lang/constant/Constable
instanceKlass java/lang/CharSequence
instanceKlass java/lang/Comparable
instanceKlass java/io/Serializable
ciInstanceKlass java/lang/Object 1 1 92 7 1 10 12 1 1 10 7 12 1 1 1 10 7 12 1 1 1 10 12 1 1 8 1 10 12 1 1 10 7 12 1 1 1 10 12 1 10 12 1 1 100 1 8 1 10 12 1 3 8 1 100 1 5 0 1 1 1 1 1 1 1 1 1 1 1 1 1 1 1 1 7 1 1 1 7 1 1 1 1 1 1 1 7 1 1 1 1 1 1 1
ciInstanceKlass java/io/Serializable 1 0 7 100 1 100 1 1 1
ciInstanceKlass java/lang/String 1 1 1059 10 7 12 1 1 1 8 1 9 7 12 1 1 1 9 12 1 1 9 12 1 1 10 12 1 10 12 1 1 10 12 1 1 9 12 1 1 10 7 12 1 1 1 10 7 1 10 100 12 1 1 1 10 12 1 1 10 12 1 1 10 12 1 100 1 8 1 10 12 1 10 7 12 1 1 1 9 7 1 9 8 1 10 12 1 10 12 1 10 12 1 10 12 1 10 12 10 100 12 1 1 1 10 10 12 1 10 12 1 10 12 1 1 10 12 1 1 10 10 12 1 1 10 12 1 1 10 12 1 1 100 1 10 12 1 10 12 1 1 100 1 10 10 12 1 10 100 12 1 1 1 10 12 1 10 12 1 1 10 10 100 12 1 1 1 10 12 1 1 10 10 10 12 1 1 10 12 1 10 12 1 10 12 1 1 10 12 1 1 10 100 1 10 12 1 1 10 12 1 10 12 1 10 12 1 1 10 12 1 11 7 1 11 12 1 10 12 1 10 12 1 1 10 12 1 1 10 10 12 1 10 12 1 9 12 1 1 11 7 12 1 1 1 10 12 1 10 10 12 1 10 12 1 1 10 10 12 1 10 12 1 10 12 1 1 9 12 1 10 12 1 1 10 10 12 1 1 10 12 10 10 12 1 10 12 10 10 12 10 10 12 1 10 12 1 10 12 1 10 10 12 10 12 1 10 12 10 12 10 10 12 1 10 12 1 1 10 12 1 1 10 10 12 1 10 7 12 1 1 1 10 12 1 1 10 10 7 12 1 1 1 11 10 12 1 10 12 1 1 10 12 1 1 10 7 12 1 1 1 10 12 1 10 10 12 1 10 12 1 10 12 1 10 100 12 1 1 10 12 1 100 1 100 1 10 100 1 10 10 12 1 1 10 12 1 10 8 1 10 12 1 3 3 7 1 10 10 12 1 10 12 1 10 12 1 1 10 12 1 1 11 7 12 1 1 1 7 1 10 12 1 1 10 12 1 100 1 10 12 1 10 12 1 10 11 100 12 1 1 1 11 100 12 1 1 11 12 1 1 10 12 1 1 10 10 7 12 1 1 1 10 12 1 10 12 1 10 10 12 10 12 1 1 10 10 12 1 10 10 12 1 10 10 12 1 10 10 12 1 10 12 1 1 10 10 12 1 8 1 10 12 1 1 18 12 1 1 11 100 12 1 1 1 7 1 3 18 12 1 18 12 1 8 1 10 100 12 1 1 1 11 12 1 1 10 12 10 10 12 1 10 10 12 1 1 10 12 1 1 11 12 1 18 3 11 10 12 1 11 11 10 12 1 10 12 1 1 8 1 10 12 1 1 10 12 1 10 12 1 1 100 1 10 10 12 1 11 100 12 1 7 1 100 1 10 12 1 7 1 10 10 7 12 1 1 1 100 1 10 10 12 1 1 10 7 1 10 10 12 1 10 10 12 1 8 1 10 10 12 1 8 1 8 1 10 12 1 1 10 12 1 10 12 1 10 10 12 10 7 12 1 1 10 100 12 1 1 10 100 12 1 1 10 8 1 10 12 1 10 12 1 8 1 8 1 8 1 10 10 7 12 1 1 1 10 12 1 1 10 12 1 1 10 12 10 10 12 8 1 8 1 10 8 1 8 1 8 1 8 1 10 12 1 10 12 1 10 12 1 8 1 10 100 12 1 1 1 10 12 10 12 1 1 10 12 10 10 12 10 12 7 1 9 12 1 1 7 1 10 100 1 100 1 100 1 100 1 1 1 1 1 1 5 0 1 1 1 3 1 3 1 1 1 1 1 1 1 1 1 1 1 1 1 1 1 100 1 1 1 100 1 1 1 1 1 1 1 1 100 1 1 100 1 1 1 1 1 1 1 1 1 1 1 1 1 1 1 1 1 1 1 1 1 1 1 1 1 1 1 1 1 1 1 1 1 1 100 1 1 1 1 1 1 1 1 1 1 1 1 1 1 1 1 1 1 1 1 1 1 1 1 1 1 1 1 1 1 1 1 1 1 1 1 1 1 1 1 1 1 1 1 1 1 1 1 1 1 1 1 1 1 1 1 1 1 1 1 1 1 1 1 1 1 1 1 1 1 1 1 1 1 100 1 1 1 1 1 1 1 1 1 1 1 1 1 1 1 1 1 1 1 1 1 1 1 1 1 1 1 1 1 1 1 100 1 1 1 1 1 1 1 100 1 1 1 1 1 1 1 1 1 1 1 1 1 1 1 1 1 1 1 1 1 1 1 1 1 1 1 100 1 1 1 1 1 1 1 1 1 1 1 1 1 1 1 100 1 1 1 1 1 1 1 1 1 1 1 1 1 1 1 15 10 100 12 1 1 1 16 15 10 12 16 15 10 12 15 10 12 15 10 12 1 1 1 1 1 100 1 100 1 1 1 100 1 100 1 1
staticfield java/lang/String COMPACT_STRINGS Z 1
staticfield java/lang/String serialPersistentFields [Ljava/io/ObjectStreamField; 0 [Ljava/io/ObjectStreamField;
staticfield java/lang/String CASE_INSENSITIVE_ORDER Ljava/util/Comparator; java/lang/String$CaseInsensitiveComparator
ciInstanceKlass java/lang/Class 1 1 1559 10 7 12 1 1 1 9 7 12 1 1 1 9 12 1 1 7 1 10 10 12 1 1 8 1 10 12 1 8 1 8 1 10 12 1 1 10 12 1 1 10 12 1 10 10 12 1 10 12 1 1 10 12 1 1 10 7 12 1 1 10 12 1 10 12 1 10 12 1 8 1 10 12 1 8 1 10 12 1 8 1 8 1 10 12 1 1 10 7 12 1 1 1 18 12 1 1 11 7 12 1 1 1 8 1 8 1 8 1 10 7 12 1 1 1 11 12 1 1 7 1 8 1 10 12 1 11 7 12 1 1 1 10 12 1 1 11 8 1 18 8 1 10 12 1 10 7 12 1 1 10 7 12 1 1 1 10 12 1 1 10 7 12 1 1 1 9 7 12 1 1 1 10 100 12 1 1 1 10 7 12 1 1 1 10 12 1 1 18 12 1 1 10 7 12 1 1 1 10 7 12 1 1 10 12 1 1 10 7 1 100 1 10 12 1 1 9 12 1 1 7 1 8 1 10 12 1 10 12 1 1 10 12 1 1 10 7 12 1 1 1 7 1 10 12 1 7 1 7 1 10 10 12 1 1 10 12 1 1 100 1 10 100 12 1 1 1 10 12 1 1 10 12 1 1 9 12 1 1 10 12 1 10 12 1 10 12 1 1 9 12 1 1 10 12 1 1 10 7 1 10 12 1 10 12 1 10 12 1 1 10 9 12 1 8 1 10 12 1 1 10 12 1 1 10 12 1 10 12 1 1 10 12 1 1 10 12 1 1 9 7 12 1 1 1 10 7 12 1 1 10 12 10 12 1 10 12 1 1 10 100 12 1 1 10 12 1 10 12 1 1 10 100 12 1 1 1 10 12 1 10 12 1 1 10 12 1 10 12 1 10 12 1 1 10 7 1 10 10 10 12 1 1 10 12 1 1 10 12 10 12 1 1 100 1 8 1 10 10 12 1 1 10 12 1 100 1 11 12 1 10 100 12 1 1 10 12 1 10 12 1 10 100 12 1 1 10 10 12 1 1 8 1 10 12 1 10 12 1 1 8 1 9 12 1 10 12 1 10 12 1 10 12 1 10 12 100 1 9 12 1 10 12 1 9 12 1 10 12 1 10 12 1 10 8 1 10 12 1 10 12 1 10 12 1 10 12 1 7 1 10 12 1 10 12 1 1 10 12 1 1 10 12 1 1 10 12 1 1 10 12 1 1 10 12 1 1 7 1 10 10 12 1 1 10 12 1 1 10 12 1 1 10 10 12 1 10 12 1 1 10 12 1 1 100 1 10 12 1 1 10 12 1 1 7 1 10 10 12 11 100 12 1 1 10 12 1 1 10 12 1 10 7 12 1 1 1 10 12 1 1 10 10 12 1 1 100 1 10 10 12 1 1 10 100 12 1 1 1 100 1 7 1 10 12 1 1 10 12 1 10 10 12 1 1 10 12 1 10 12 1 10 12 1 10 100 12 1 1 1 11 7 12 1 1 10 12 1 10 12 1 9 12 1 10 12 1 1 9 12 1 1 7 1 10 9 12 1 1 10 12 7 1 10 12 1 9 12 1 10 100 12 1 1 1 10 12 1 10 12 1 10 100 12 1 1 1 10 12 1 10 12 10 12 1 1 8 1 10 12 1 10 12 1 1 9 12 1 9 12 1 1 10 7 12 1 1 9 12 1 10 12 1 1 10 12 1 10 12 1 10 7 12 1 1 1 10 7 12 1 1 10 7 12 1 1 9 12 1 1 10 12 1 9 12 1 10 12 1 10 12 1 1 9 12 1 1 9 12 1 10 12 1 10 12 1 1 9 12 1 100 1 10 10 12 1 1 7 1 10 12 1 1 100 11 100 1 9 12 1 1 9 12 1 100 1 10 12 1 9 12 1 1 9 12 1 10 12 1 10 12 1 1 9 12 1 7 1 10 10 12 1 1 10 10 12 1 1 10 12 10 10 12 1 9 12 1 10 12 1 1 10 7 12 1 1 1 10 12 1 1 10 12 1 8 10 7 8 1 18 8 1 8 1 10 12 1 9 12 1 1 9 12 1 1 10 12 1 7 1 8 1 7 1 8 1 10 12 1 9 12 1 10 12 1 9 12 1 1 7 1 10 10 12 1 10 7 1 9 12 1 8 1 10 12 1 7 1 10 12 1 10 12 1 1 9 12 1 100 1 8 1 10 7 1 4 10 10 12 11 7 12 1 1 1 10 12 1 100 1 10 12 1 1 10 8 1 8 1 10 12 1 1 9 7 12 1 1 11 12 100 1 11 7 12 1 1 9 12 1 10 100 12 1 1 1 10 7 12 1 1 10 12 1 1 9 12 1 9 10 12 1 1 10 12 1 1 10 12 1 1 10 12 1 1 10 12 1 1 11 12 1 11 12 1 1 11 7 12 1 1 11 12 1 100 1 11 12 1 10 100 12 1 1 1 10 12 1 100 1 11 12 1 10 100 12 1 1 1 10 12 1 10 11 12 1 11 12 1 1 10 12 1 10 12 1 1 9 12 1 1 9 100 12 1 1 10 12 1 10 100 12 1 1 1 10 12 1 1 10 12 1 100 1 10 12 1 10 100 12 1 1 1 10 12 1 8 1 10 12 1 8 1 8 1 11 100 12 1 1 1 10 100 12 1 1 1 10 12 1 10 12 8 1 10 12 1 7 1 9 12 1 1 10 12 1 100 1 100 1 100 1 100 1 100 1 1 1 3 1 3 1 3 1 1 1 1 1 1 1 5 0 1 1 1 1 1 1 1 1 1 1 1 1 1 1 1 1 1 1 1 1 1 1 1 100 1 1 1 1 1 1 1 100 1 1 1 1 1 1 1 1 1 1 1 1 1 1 1 1 1 1 1 1 1 1 1 1 1 1 1 1 1 1 1 1 1 1 1 1 1 1 1 1 1 1 1 100 1 1 1 1 1 1 1 1 1 1 1 1 1 1 1 1 1 1 1 1 1 1 1 1 1 1 1 1 100 1 1 1 1 1 1 1 1 1 1 1 1 1 1 1 1 1 1 1 1 1 1 1 1 1 1 1 1 1 1 1 1 1 1 1 1 1 100 1 1 1 1 1 1 3 1 1 1 1 1 1 1 1 1 1 1 1 1 1 1 1 1 1 100 1 100 1 1 1 1 1 1 1 1 1 1 1 1 1 1 1 1 1 1 1 1 1 1 1 1 1 1 1 1 1 1 1 1 1 1 1 1 1 1 1 1 1 1 1 1 1 1 1 1 1 1 1 1 1 1 1 1 1 1 1 100 1 1 1 1 1 1 1 1 1 1 1 1 1 1 1 1 1 1 1 1 1 1 1 1 1 1 1 1 1 1 1 1 1 1 1 1 1 1 1 1 1 1 1 1 1 1 1 1 1 1 1 1 1 1 1 1 1 1 1 1 1 1 1 1 1 15 10 7 12 1 1 1 16 15 10 12 16 15 11 12 16 1 16 15 16 15 10 12 16 1 1 1 1 1 1 1 1 100 1 1 100 1 100 1 1 100 1 100 1 1 100 1 100 1 1
staticfield java/lang/Class EMPTY_CLASS_ARRAY [Ljava/lang/Class; 0 [Ljava/lang/Class;
staticfield java/lang/Class serialPersistentFields [Ljava/io/ObjectStreamField; 0 [Ljava/io/ObjectStreamField;
staticfield java/lang/Class JAVA_LANG_RECORD_CLASS Ljava/lang/Class; java/lang/Class
ciInstanceKlass java/lang/Cloneable 1 0 7 100 1 100 1 1 1
instanceKlass jdk/internal/reflect/DelegatingClassLoader
instanceKlass java/security/SecureClassLoader
ciInstanceKlass java/lang/ClassLoader 1 1 1194 9 7 12 1 1 1 10 7 12 1 1 1 9 12 1 1 10 7 12 1 1 1 7 1 10 12 1 1 10 12 1 1 9 12 1 1 10 12 1 1 100 1 10 12 1 10 12 1 1 10 7 12 1 1 1 100 1 8 1 10 12 1 10 7 12 1 1 1 10 100 12 1 10 7 1 10 7 1 7 1 7 1 10 12 1 10 12 1 9 12 1 1 10 9 12 1 9 12 1 1 9 12 1 9 12 1 1 9 12 1 1 7 1 10 12 1 9 12 1 1 10 12 1 1 10 7 12 1 1 1 9 12 1 9 12 1 9 12 1 1 7 1 10 10 12 1 1 9 12 10 12 1 1 7 1 10 8 1 10 12 1 1 10 12 1 10 7 1 7 1 10 12 1 1 10 7 12 1 1 1 8 1 10 12 1 10 12 1 10 12 1 1 10 12 1 1 10 12 1 1 10 12 1 1 10 12 1 1 10 12 1 100 1 10 12 1 10 100 12 1 1 1 10 12 1 1 10 12 1 10 12 1 10 12 1 10 12 1 10 12 1 1 10 10 12 1 10 12 1 10 100 12 1 1 10 12 1 1 10 12 1 1 10 12 1 100 1 10 12 1 100 1 10 12 1 10 7 12 1 1 1 10 10 12 1 1 10 12 1 1 100 1 8 1 10 8 1 10 12 1 10 12 1 100 1 8 1 10 12 1 1 10 12 1 1 10 10 12 1 1 10 12 1 1 10 12 1 1 10 7 1 10 12 1 1 10 12 1 1 10 12 1 1 10 12 1 1 10 12 1 1 10 12 1 1 10 12 1 10 7 12 1 1 1 10 12 1 10 12 1 10 12 1 1 10 12 1 10 12 1 10 12 1 10 12 1 1 10 12 1 10 12 1 1 8 1 11 7 1 9 12 1 11 12 1 10 12 1 1 8 1 8 1 10 7 12 1 1 1 100 1 10 10 12 10 12 1 10 12 1 10 12 1 10 12 1 1 10 7 12 1 1 10 12 1 10 7 1 7 1 10 12 1 1 10 12 1 10 7 1 10 12 1 100 1 18 12 1 10 100 12 1 1 1 10 100 12 1 1 1 10 7 12 1 1 10 12 1 1 10 12 1 10 12 1 1 100 1 10 12 1 10 12 1 1 10 7 12 1 1 10 12 1 8 1 100 1 10 10 12 1 9 12 1 10 7 12 1 1 10 12 1 100 1 8 1 10 12 1 10 8 1 8 1 10 12 1 1 10 12 1 1 10 12 1 1 10 100 12 1 1 1 100 1 100 1 10 12 1 1 100 1 100 1 10 100 12 1 1 10 12 1 8 1 10 12 1 1 9 12 1 1 8 1 9 12 1 10 12 1 1 10 12 1 10 12 1 1 10 12 1 1 9 100 12 1 1 1 10 12 1 1 10 12 1 10 12 1 10 12 1 1 10 12 1 8 1 10 12 1 7 1 18 12 1 1 10 12 1 1 10 12 1 10 12 1 10 12 1 8 1 10 12 1 10 12 1 18 12 1 11 100 12 1 1 1 100 1 10 12 1 1 10 12 1 10 11 12 1 1 10 18 10 12 1 1 11 7 12 1 18 12 1 11 12 1 1 10 12 1 10 12 1 9 7 12 1 1 1 10 12 1 10 12 1 8 1 10 12 8 1 10 12 10 10 12 1 1 100 1 8 1 10 10 12 1 10 12 1 8 1 8 1 10 12 1 10 12 1 10 100 12 1 1 1 8 1 8 1 10 100 12 1 1 10 10 12 1 7 1 10 12 1 10 12 1 10 7 12 1 1 1 10 12 1 1 10 12 1 11 11 11 12 1 1 11 7 12 1 1 11 12 1 1 10 12 1 1 9 12 9 12 1 1 9 12 10 12 1 10 100 12 1 1 1 7 1 10 10 12 1 10 12 10 12 1 1 9 7 12 1 9 12 1 1 9 12 9 12 1 9 12 1 9 12 1 8 10 12 1 1 10 7 12 1 1 1 10 12 1 1 10 12 1 1 10 12 1 11 12 1 10 100 12 1 1 1 100 1 10 12 1 10 12 1 10 12 1 7 1 10 1 1 1 1 1 1 1 1 1 1 1 1 1 1 1 1 1 1 1 1 1 1 1 1 1 1 1 1 1 100 1 1 1 1 1 1 1 1 1 1 1 1 1 1 1 1 1 1 1 1 1 100 1 1 1 1 1 1 1 1 1 1 100 1 1 1 1 1 1 1 1 1 1 1 1 1 1 1 1 1 1 1 1 1 1 1 1 1 1 1 1 1 1 1 1 1 1 1 1 1 1 100 1 1 1 1 1 1 1 1 1 1 1 1 1 1 1 1 1 1 100 1 1 1 1 1 1 1 1 1 1 1 1 1 1 1 1 1 1 1 1 1 1 1 1 1 1 1 1 1 1 1 1 1 1 1 1 1 1 1 1 1 1 1 1 1 1 1 1 1 1 1 1 1 1 1 1 1 1 1 100 100 1 1 1 1 1 1 1 1 1 1 1 1 1 1 1 1 1 1 1 1 1 1 1 1 1 1 1 1 1 1 1 1 1 1 1 1 1 1 1 1 1 1 1 1 1 1 1 1 1 1 1 1 1 1 1 100 1 1 15 10 100 12 1 1 1 16 15 10 12 16 1 16 15 10 12 16 1 16 1 15 10 12 16 15 10 12 16 15 10 12 16 1 1 1 1 100 1 100 1 1
staticfield java/lang/ClassLoader nocerts [Ljava/security/cert/Certificate; 0 [Ljava/security/cert/Certificate;
staticfield java/lang/ClassLoader loadedLibraryNames Ljava/util/Set; java/util/HashSet
staticfield java/lang/ClassLoader $assertionsDisabled Z 1
ciInstanceKlass java/lang/System 1 1 716 10 100 12 1 1 1 9 7 12 1 1 1 10 12 1 10 12 1 1 10 12 1 1 10 12 1 9 12 1 1 10 7 12 1 1 1 11 100 12 1 1 1 10 100 12 1 1 1 10 12 1 1 10 12 1 1 100 1 8 1 10 12 1 10 100 12 1 1 1 10 12 1 9 12 1 1 8 1 10 7 12 1 1 1 10 100 12 1 1 1 8 1 10 12 1 100 1 10 12 1 1 100 1 8 1 10 8 1 10 12 1 1 10 12 1 1 100 1 10 12 10 100 12 1 1 1 10 12 1 9 12 1 1 9 12 1 1 10 7 12 1 1 1 10 7 12 1 1 1 10 12 1 1 10 12 1 10 12 1 10 7 12 1 1 1 10 12 1 100 1 100 1 8 1 10 12 1 10 12 1 1 7 1 10 12 1 1 100 1 8 1 10 10 12 1 100 1 8 1 10 100 1 10 8 1 10 12 1 1 10 12 1 1 10 7 12 1 1 8 1 10 12 10 7 12 1 1 10 7 12 1 1 100 1 8 1 10 10 12 1 1 10 7 12 1 1 1 100 1 18 12 1 1 100 1 9 100 12 1 1 1 10 12 1 100 1 10 12 1 1 10 12 1 1 10 7 12 1 1 1 10 12 1 1 10 12 1 10 12 1 10 12 1 1 10 12 1 7 1 7 1 10 12 1 10 12 1 100 1 10 12 1 10 7 12 1 1 1 100 1 8 1 10 9 12 1 1 9 12 1 10 12 1 10 100 12 1 1 10 12 1 10 12 1 1 8 1 10 12 1 10 12 1 1 8 1 11 7 12 1 1 10 12 11 12 1 1 11 7 12 1 1 1 11 7 12 1 1 11 12 1 1 7 1 11 12 1 10 12 1 8 1 10 12 1 1 8 1 8 1 8 1 8 1 11 12 1 10 12 1 1 10 12 1 10 7 12 1 1 8 1 7 1 9 7 12 1 1 1 10 12 1 7 1 9 12 10 9 12 7 1 10 12 8 1 10 12 1 1 8 1 10 7 12 1 1 10 12 1 10 7 12 1 1 1 10 12 1 1 10 7 12 1 1 1 10 12 1 10 7 12 1 1 10 12 10 7 12 1 1 1 9 12 1 1 100 1 8 1 10 12 1 1 8 1 10 8 1 8 1 8 1 8 1 10 10 12 10 12 1 10 12 1 1 10 12 1 1 10 12 1 1 10 12 1 10 100 12 1 1 1 10 100 1 8 1 10 10 10 12 1 1 10 12 1 1 8 1 10 12 1 10 12 1 10 12 1 1 7 1 10 10 12 1 10 12 1 9 12 1 1 1 3 1 3 1 1 1 1 1 1 1 1 1 1 1 1 100 1 1 7 1 1 1 1 1 1 1 1 1 1 1 1 1 1 1 1 1 1 1 1 1 1 1 1 1 1 1 1 1 1 1 1 1 1 1 1 1 1 1 1 1 1 1 1 1 1 1 1 1 1 1 1 1 1 1 100 1 1 1 1 1 1 1 1 1 1 1 1 1 1 1 1 1 1 1 1 1 1 1 1 1 1 1 1 1 1 1 1 100 1 1 15 10 100 12 1 1 1 16 15 10 12 16 1 1 1 1 1 1 100 1 100 1 1
staticfield java/lang/System in Ljava/io/InputStream; java/io/BufferedInputStream
staticfield java/lang/System out Ljava/io/PrintStream; org/apache/maven/surefire/report/ConsoleOutputCapture$ForwardingPrintStream
staticfield java/lang/System err Ljava/io/PrintStream; org/apache/maven/surefire/report/ConsoleOutputCapture$ForwardingPrintStream
instanceKlass java/lang/Exception
instanceKlass java/lang/Error
ciInstanceKlass java/lang/Throwable 1 1 396 10 7 12 1 1 1 9 7 12 1 1 1 9 12 1 1 9 12 1 9 12 1 1 9 12 1 10 12 1 1 9 12 1 1 10 12 1 1 10 12 1 100 1 100 1 10 8 1 10 12 1 1 8 1 10 100 12 1 1 10 10 12 1 100 1 8 1 10 10 12 1 1 10 7 12 1 1 10 12 1 8 1 9 100 12 1 1 1 10 12 1 1 100 1 10 12 10 12 1 100 1 10 10 7 12 1 1 1 11 100 12 1 1 1 10 100 12 1 1 1 10 12 1 1 10 12 1 1 8 1 10 12 1 10 12 1 1 8 1 8 1 10 12 1 1 10 12 1 8 1 8 1 9 12 1 1 10 100 12 1 1 100 1 10 11 12 1 8 1 8 1 10 7 12 1 1 8 1 10 12 1 8 1 100 1 10 12 1 9 12 1 1 10 12 1 10 7 12 1 9 12 1 1 10 12 1 1 10 100 1 8 1 10 12 1 10 100 12 1 1 10 10 12 1 1 100 1 10 100 12 1 1 1 10 12 1 11 100 12 1 1 1 11 100 12 1 1 1 11 12 1 8 1 10 12 1 1 8 1 10 10 10 9 100 12 1 1 1 8 1 10 12 1 1 10 100 1 8 1 10 11 12 1 1 8 1 9 12 1 10 100 12 1 1 11 9 12 1 1 11 12 1 1 100 10 12 1 10 12 1 1 100 1 1 1 1 5 0 1 1 1 1 1 1 1 1 1 1 1 1 1 100 1 1 1 1 1 1 1 1 1 1 1 1 1 1 1 1 1 1 1 1 1 1 1 1 1 1 1 1 1 1 1 1 1 1 1 1 1 1 1 1 1 1 7 1 7 1 1 1 1 1 1 1 1 1 1 1 1 1 1 1 1 1 1
staticfield java/lang/Throwable UNASSIGNED_STACK [Ljava/lang/StackTraceElement; 0 [Ljava/lang/StackTraceElement;
staticfield java/lang/Throwable SUPPRESSED_SENTINEL Ljava/util/List; java/util/Collections$EmptyList
staticfield java/lang/Throwable EMPTY_THROWABLE_ARRAY [Ljava/lang/Throwable; 0 [Ljava/lang/Throwable;
staticfield java/lang/Throwable $assertionsDisabled Z 1
instanceKlass com/google/common/util/concurrent/ExecutionError
instanceKlass java/util/ServiceConfigurationError
instanceKlass java/lang/AssertionError
instanceKlass javax/xml/parsers/FactoryConfigurationError
instanceKlass java/lang/VirtualMachineError
instanceKlass java/lang/LinkageError
instanceKlass java/lang/ThreadDeath
ciInstanceKlass java/lang/Error 1 1 40 10 7 12 1 1 1 10 12 1 10 12 1 10 12 1 10 12 1 100 1 1 1 1 5 0 1 1 1 1 1 1 1 1 1 1 1 1 1 1
ciInstanceKlass java/lang/ThreadDeath 0 0 21 10 100 12 1 1 1 100 1 1 1 1 5 0 1 1 1 1 1 1 1
instanceKlass java/util/concurrent/ExecutionException
instanceKlass java/util/concurrent/TimeoutException
instanceKlass org/openqa/selenium/net/UrlChecker$TimeoutException
instanceKlass org/apache/log4j/config/PropertySetterException
instanceKlass org/testng/internal/thread/ThreadTimeoutException
instanceKlass java/beans/PropertyVetoException
instanceKlass java/beans/IntrospectionException
instanceKlass java/text/ParseException
instanceKlass com/aventstack/extentreports/InvalidFileException
instanceKlass freemarker/template/TemplateException
instanceKlass java/lang/CloneNotSupportedException
instanceKlass org/testng/internal/thread/ThreadExecutionException
instanceKlass bsh/EvalError
instanceKlass sun/security/ec/ECOperations$IntermediateValueException
instanceKlass sun/nio/fs/WindowsException
instanceKlass java/security/GeneralSecurityException
instanceKlass sun/security/pkcs11/wrapper/PKCS11Exception
instanceKlass java/net/URISyntaxException
instanceKlass org/xml/sax/SAXException
instanceKlass javax/xml/parsers/ParserConfigurationException
instanceKlass java/lang/InterruptedException
instanceKlass java/security/PrivilegedActionException
instanceKlass java/util/zip/DataFormatException
instanceKlass org/apache/maven/surefire/booter/SurefireExecutionException
instanceKlass java/io/IOException
instanceKlass org/apache/maven/surefire/testset/TestSetFailedException
instanceKlass java/lang/ReflectiveOperationException
instanceKlass java/lang/RuntimeException
ciInstanceKlass java/lang/Exception 1 1 40 10 7 12 1 1 1 10 12 1 10 12 1 10 12 1 10 12 1 100 1 1 1 1 5 0 1 1 1 1 1 1 1 1 1 1 1 1 1 1
instanceKlass org/testng/SkipException
instanceKlass okhttp3/internal/connection/RouteException
instanceKlass java/util/ConcurrentModificationException
instanceKlass com/google/common/util/concurrent/UncheckedExecutionException
instanceKlass com/google/common/util/concurrent/UncheckedTimeoutException
instanceKlass org/openqa/selenium/WebDriverException
instanceKlass java/util/NoSuchElementException
instanceKlass freemarker/template/utility/UndeclaredThrowableException
instanceKlass java/util/MissingResourceException
instanceKlass freemarker/core/BugException
instanceKlass java/io/UncheckedIOException
instanceKlass java/lang/reflect/UndeclaredThrowableException
instanceKlass java/lang/IndexOutOfBoundsException
instanceKlass java/security/ProviderException
instanceKlass java/lang/UnsupportedOperationException
instanceKlass com/beust/jcommander/ParameterException
instanceKlass org/testng/TestNGException
instanceKlass java/lang/SecurityException
instanceKlass org/apache/maven/surefire/report/ReporterException
instanceKlass org/apache/maven/surefire/util/SurefireReflectionException
instanceKlass java/lang/IllegalStateException
instanceKlass java/lang/IllegalArgumentException
instanceKlass java/lang/ArithmeticException
instanceKlass java/lang/NullPointerException
instanceKlass java/lang/IllegalMonitorStateException
instanceKlass java/lang/ArrayStoreException
instanceKlass java/lang/ClassCastException
ciInstanceKlass java/lang/RuntimeException 1 1 40 10 7 12 1 1 1 10 12 1 10 12 1 10 12 1 10 12 1 100 1 1 1 1 5 0 1 1 1 1 1 1 1 1 1 1 1 1 1 1
instanceKlass javax/crypto/JceSecurityManager
ciInstanceKlass java/lang/SecurityManager 1 1 573 10 7 12 1 1 1 9 7 12 1 1 1 10 7 12 1 1 1 100 1 8 1 10 12 1 10 12 1 1 10 100 12 1 1 1 10 100 1 10 100 1 10 9 100 12 1 1 1 10 7 12 1 1 1 10 12 1 1 10 7 12 1 1 100 1 8 1 10 9 12 1 1 9 12 1 8 1 9 12 1 100 1 10 8 1 10 12 1 1 10 12 1 10 12 1 1 100 1 10 10 12 1 1 100 1 8 1 10 12 1 8 1 8 1 8 1 8 1 8 1 8 1 10 12 1 8 1 8 1 8 1 8 1 8 1 10 100 12 1 1 1 10 12 1 1 8 1 100 1 8 1 10 8 1 8 1 8 1 8 1 8 1 10 100 12 1 1 8 1 100 1 8 1 8 1 10 8 1 10 12 1 100 1 8 1 10 10 12 1 1 10 12 1 10 12 1 10 12 1 10 7 12 1 1 1 10 12 1 10 7 12 1 1 11 7 12 1 1 1 18 12 1 1 11 7 12 1 1 1 18 12 1 1 11 12 1 1 18 18 11 12 1 18 12 1 11 12 1 1 9 12 1 1 9 12 1 9 12 1 9 12 1 7 1 10 7 12 1 1 10 12 1 10 12 1 18 12 1 18 10 7 12 1 1 1 18 12 1 10 12 1 18 18 8 1 10 12 1 9 12 1 1 11 7 12 1 1 1 8 1 100 1 10 12 1 10 12 1 1 10 12 1 1 9 12 1 1 10 12 1 10 12 1 1 8 1 100 1 10 9 12 1 8 1 10 12 1 8 1 100 1 10 10 7 12 1 1 10 7 1 9 7 12 1 1 1 11 12 1 1 10 12 1 11 12 1 10 12 1 7 1 10 10 12 1 1 10 12 1 1 1 1 1 1 1 1 1 1 1 100 1 1 1 1 1 1 1 1 1 1 1 1 1 1 1 1 1 1 1 1 1 1 1 1 1 1 1 1 1 1 1 1 1 1 1 1 1 1 1 1 1 1 1 1 1 1 1 1 1 1 1 1 1 1 1 1 1 1 1 1 1 1 1 1 1 100 1 1 1 1 1 1 1 1 1 1 1 1 1 1 1 1 1 1 1 1 1 1 1 1 1 1 1 1 1 1 1 1 1 1 1 1 1 15 10 7 12 1 1 1 16 15 10 7 12 1 1 1 16 1 16 15 10 12 16 1 15 10 12 16 15 11 7 1 16 1 16 1 15 10 12 16 15 10 12 16 15 10 12 1 16 1 15 11 12 1 15 10 12 16 15 10 16 1 1 1 1 100 1 100 1 1
staticfield java/lang/SecurityManager packageAccessLock Ljava/lang/Object; java/lang/Object
staticfield java/lang/SecurityManager packageDefinitionLock Ljava/lang/Object; java/lang/Object
staticfield java/lang/SecurityManager nonExportedPkgs Ljava/util/Map; java/util/concurrent/ConcurrentHashMap
ciInstanceKlass java/security/ProtectionDomain 1 1 325 10 7 12 1 1 1 9 7 12 1 1 1 7 1 10 12 1 9 12 1 1 9 12 1 1 9 12 1 1 10 7 12 1 1 7 1 9 12 1 9 12 1 1 7 1 9 12 1 1 9 12 1 10 100 12 1 1 10 10 100 12 1 1 1 10 12 1 1 10 12 1 9 12 1 9 100 12 1 1 10 12 1 1 10 100 1 10 12 1 1 8 1 100 1 8 1 10 12 1 10 10 100 12 1 1 1 10 12 1 1 8 1 11 8 1 10 12 1 8 1 8 1 10 12 1 1 10 12 1 10 12 1 1 10 12 1 8 1 10 12 1 8 1 8 1 10 100 12 1 1 1 9 100 12 1 1 1 10 12 1 1 9 100 12 1 1 1 10 100 12 1 1 1 100 1 100 1 10 10 100 12 1 1 1 10 100 1 10 12 1 10 12 1 1 11 100 12 1 1 11 12 1 100 1 11 100 12 1 1 1 10 12 1 10 11 12 1 1 11 12 1 1 10 12 1 10 7 12 1 1 10 100 12 1 1 11 12 1 10 12 8 1 8 1 10 7 12 1 1 1 7 1 10 10 7 12 1 1 1 1 1 1 1 1 1 1 100 1 1 100 1 1 1 1 1 1 1 1 1 1 1 1 1 1 1 1 1 1 1 1 1 1 1 1 1 1 1 1 1 1 1 1 1 1 1 1 1 1 1 1 1 1 100 1 1 1 1 1 100 1 1 1 1 1
staticfield java/security/ProtectionDomain filePermCompatInPD Z 0
ciInstanceKlass java/security/AccessControlContext 1 1 366 9 7 12 1 1 1 9 12 1 1 10 100 12 1 1 1 8 1 10 100 12 1 1 1 10 7 12 1 1 1 9 12 1 9 12 1 1 9 12 1 1 10 7 12 1 1 100 1 10 12 1 11 100 12 1 1 1 11 12 1 11 12 1 11 12 1 1 7 1 11 12 1 1 10 12 1 10 7 12 1 1 1 9 100 12 1 1 1 10 100 12 1 1 1 11 100 12 1 1 1 10 7 1 100 1 8 1 10 12 1 10 12 1 1 7 1 10 7 12 1 1 1 9 12 1 9 12 1 9 12 1 9 12 1 1 9 12 1 1 9 12 1 9 12 1 10 7 12 1 1 1 9 12 1 10 12 1 1 10 12 1 1 8 1 10 12 1 1 10 12 1 1 10 100 12 1 1 1 100 1 10 10 12 1 1 10 100 12 1 1 1 10 8 1 10 100 12 1 1 8 1 10 100 12 1 1 8 1 8 1 10 12 1 8 1 10 12 1 8 1 10 12 1 10 12 1 10 12 1 1 8 1 8 1 100 1 10 12 1 10 12 1 1 100 1 10 12 1 8 1 10 12 1 10 12 1 10 8 1 10 12 1 1 10 12 1 1 10 12 1 1 10 12 1 1 10 12 1 10 12 1 10 12 1 10 12 1 1 10 10 10 12 1 1 1 1 1 1 1 1 1 1 1 1 1 1 1 1 1 1 1 1 1 1 1 1 100 1 1 1 1 1 1 1 1 1 1 1 1 1 1 1 1 1 1 1 1 1 1 1 1 1 1 1 1 1 1 1 1 1 1 1 1 1 1 1 1 1 1 1 1 1 1 1 1
ciInstanceKlass java/security/AccessController 1 1 289 10 100 12 1 1 1 10 7 12 1 1 1 10 7 12 1 1 1 10 12 1 1 10 12 1 1 10 7 12 1 1 1 10 12 1 1 10 12 1 10 12 1 1 10 12 1 100 1 8 1 10 12 1 10 12 1 10 12 1 1 10 12 1 7 1 7 1 10 12 1 1 10 12 1 10 12 1 10 12 1 1 10 7 12 1 1 1 10 12 1 1 9 100 12 1 1 1 10 100 12 1 1 1 10 12 1 10 12 1 9 100 12 1 1 1 10 12 1 10 12 1 1 9 12 1 1 10 100 1 10 11 7 12 1 1 1 10 7 12 1 1 11 7 1 7 1 10 12 1 10 12 1 10 12 1 8 1 10 12 1 1 8 1 10 100 12 1 1 1 8 1 100 1 10 10 12 1 1 10 12 1 10 7 12 1 1 1 10 12 1 8 1 10 100 12 1 1 8 1 8 1 10 12 1 8 1 10 12 1 10 12 1 1 10 12 1 1 1 1 1 1 1 1 1 1 1 1 1 1 1 1 1 1 1 1 1 1 1 1 1 1 1 1 100 1 1 1 1 1 1 1 1 1 1 1 1 1 1 1 1 1 1 1 1 1 1 1 1 1 1 1 1 1 1 1 1 1 1 100 1 100 1 1 1 1 1 1 1
staticfield java/security/AccessController $assertionsDisabled Z 1
instanceKlass java/net/URLClassLoader
instanceKlass jdk/internal/loader/BuiltinClassLoader
ciInstanceKlass java/security/SecureClassLoader 1 1 98 10 7 12 1 1 1 7 1 10 12 1 9 7 12 1 1 1 10 12 1 10 12 1 10 12 1 1 10 12 1 1 10 12 1 7 1 10 7 1 10 12 1 7 1 10 12 1 11 7 12 1 1 1 7 1 10 12 1 1 1 1 1 1 1 1 1 1 1 1 1 1 1 1 1 1 1 1 1 1 1 1 1 1 1 1 1 1 1 1 1 1 1 7 1 1 1 1
instanceKlass java/lang/NoSuchFieldException
instanceKlass java/lang/InstantiationException
instanceKlass java/lang/NoSuchMethodException
instanceKlass java/lang/IllegalAccessException
instanceKlass java/lang/reflect/InvocationTargetException
instanceKlass java/lang/ClassNotFoundException
ciInstanceKlass java/lang/ReflectiveOperationException 1 1 34 10 7 12 1 1 1 10 12 1 10 12 1 10 12 1 100 1 1 1 1 5 0 1 1 1 1 1 1 1 1 1 1 1
ciInstanceKlass java/lang/ClassNotFoundException 1 1 96 7 1 10 7 12 1 1 1 10 12 1 10 12 1 1 10 100 12 1 1 1 8 1 10 100 12 1 1 1 10 7 12 1 1 10 100 12 1 1 1 10 100 12 1 1 1 10 12 1 1 7 1 10 12 1 9 12 1 1 1 1 1 5 0 1 1 1 1 1 1 1 1 1 1 1 1 1 1 1 1 1 1 100 1 1 1 1 1 1 1 1 1 1 1 1
staticfield java/lang/ClassNotFoundException serialPersistentFields [Ljava/io/ObjectStreamField; 1 [Ljava/io/ObjectStreamField;
ciInstanceKlass java/lang/Record 0 0 35 10 100 12 1 1 1 100 1 1 1 1 1 1 1 1 1 1 1 1 1 1 1 1 1 1 1 1 3 1 100 1 100 1 1
instanceKlass java/lang/ExceptionInInitializerError
instanceKlass java/lang/IncompatibleClassChangeError
instanceKlass java/lang/UnsatisfiedLinkError
instanceKlass java/lang/BootstrapMethodError
instanceKlass java/lang/NoClassDefFoundError
ciInstanceKlass java/lang/LinkageError 1 1 31 10 7 12 1 1 1 10 12 1 10 12 1 100 1 1 1 1 5 0 1 1 1 1 1 1 1 1 1 1 1
ciInstanceKlass java/lang/NoClassDefFoundError 0 0 26 10 100 12 1 1 1 10 12 1 100 1 1 1 1 5 0 1 1 1 1 1 1 1 1 1
ciInstanceKlass java/lang/ClassCastException 1 1 26 10 100 12 1 1 1 10 12 1 100 1 1 1 1 5 0 1 1 1 1 1 1 1 1 1
ciInstanceKlass java/lang/ArrayStoreException 1 1 26 10 100 12 1 1 1 10 12 1 100 1 1 1 1 5 0 1 1 1 1 1 1 1 1 1
instanceKlass java/lang/InternalError
instanceKlass java/lang/StackOverflowError
instanceKlass java/lang/OutOfMemoryError
ciInstanceKlass java/lang/VirtualMachineError 1 1 34 10 100 12 1 1 1 10 12 1 10 12 1 10 12 1 100 1 1 1 1 5 0 1 1 1 1 1 1 1 1 1 1 1
ciInstanceKlass java/lang/OutOfMemoryError 1 1 26 10 100 12 1 1 1 10 12 1 100 1 1 1 1 5 0 1 1 1 1 1 1 1 1 1
ciInstanceKlass java/lang/StackOverflowError 1 1 26 10 100 12 1 1 1 10 12 1 100 1 1 1 1 5 0 1 1 1 1 1 1 1 1 1
ciInstanceKlass java/lang/IllegalMonitorStateException 1 1 26 10 100 12 1 1 1 10 12 1 100 1 1 1 1 5 0 1 1 1 1 1 1 1 1 1
instanceKlass java/lang/ref/PhantomReference
instanceKlass java/lang/ref/FinalReference
instanceKlass java/lang/ref/WeakReference
instanceKlass java/lang/ref/SoftReference
ciInstanceKlass java/lang/ref/Reference 1 1 159 10 7 12 1 1 1 9 12 1 1 10 12 1 1 9 12 1 1 9 12 1 1 7 1 10 12 1 10 7 12 1 1 9 12 1 1 9 7 12 1 1 10 12 1 1 10 12 1 1 10 12 1 9 12 1 9 12 1 100 1 10 12 1 10 12 1 10 10 7 12 1 1 1 10 12 1 1 10 7 12 1 1 7 1 8 1 10 12 1 10 12 1 1 10 12 1 1 10 12 1 7 1 10 10 7 12 1 1 1 1 1 1 1 1 1 1 1 1 1 1 1 1 1 1 1 1 100 1 1 1 100 1 1 1 1 1 1 1 1 1 1 1 1 1 1 1 1 1 1 1 1 1 1 1 1 1 1 1
staticfield java/lang/ref/Reference processPendingLock Ljava/lang/Object; java/lang/Object
instanceKlass com/sun/beans/util/Cache$Kind$Soft
instanceKlass sun/security/util/MemoryCache$SoftCacheEntry
instanceKlass java/util/ResourceBundle$BundleReference
instanceKlass sun/util/locale/provider/LocaleResources$ResourceReference
instanceKlass sun/util/resources/Bundles$BundleReference
instanceKlass java/lang/invoke/LambdaFormEditor$Transform
instanceKlass sun/util/locale/LocaleObjectCache$CacheEntry
instanceKlass jdk/internal/ref/SoftCleanable
ciInstanceKlass java/lang/ref/SoftReference 1 1 47 10 7 12 1 1 1 9 7 12 1 1 1 9 12 1 10 12 1 10 12 1 1 1 1 1 1 1 1 1 1 1 1 1 1 1 1 1 1 1 1 100 1 1 1 1 1
instanceKlass okhttp3/internal/connection/StreamAllocation$StreamAllocationReference
instanceKlass java/util/concurrent/ForkJoinTask$ExceptionNode
instanceKlass java/beans/WeakIdentityMap$Entry
instanceKlass java/util/logging/LogManager$LoggerWeakRef
instanceKlass java/util/logging/Level$KnownLevel
instanceKlass java/lang/WeakPairMap$WeakRefPeer
instanceKlass java/lang/ClassValue$Entry
instanceKlass java/util/ResourceBundle$KeyElementReference
instanceKlass jdk/internal/jimage/ImageBufferCache$BufferReference
instanceKlass java/lang/invoke/MethodType$ConcurrentWeakInternSet$WeakEntry
instanceKlass jdk/internal/ref/WeakCleanable
instanceKlass java/lang/ThreadLocal$ThreadLocalMap$Entry
instanceKlass java/util/WeakHashMap$Entry
ciInstanceKlass java/lang/ref/WeakReference 1 1 31 10 7 12 1 1 1 10 12 1 100 1 1 1 1 1 1 1 1 1 1 1 1 1 1 1 1 1 1 1 1
instanceKlass java/lang/ref/Finalizer
ciInstanceKlass java/lang/ref/FinalReference 1 1 36 10 7 12 1 1 1 100 1 8 1 10 12 1 100 1 1 1 1 1 1 1 1 1 1 1 1 1 1 1 1 1 1 1 1 1
instanceKlass jdk/internal/ref/PhantomCleanable
instanceKlass jdk/internal/ref/Cleaner
ciInstanceKlass java/lang/ref/PhantomReference 1 1 30 10 7 12 1 1 1 100 1 1 1 1 1 1 1 1 1 1 1 1 1 1 1 1 1 1 1 1 1 1
ciInstanceKlass java/lang/ref/Finalizer 1 1 139 9 7 12 1 1 1 10 7 12 1 1 1 9 12 1 1 9 12 1 1 9 12 1 9 12 1 10 12 1 10 12 1 1 7 1 11 7 12 1 1 100 1 10 12 1 1 100 1 10 12 1 10 100 12 1 1 1 10 100 12 1 1 1 100 1 10 12 10 12 1 7 1 10 7 1 10 10 7 12 1 1 1 10 12 1 1 10 7 12 1 1 7 1 10 12 1 10 12 1 1 10 12 1 1 10 12 1 1 1 1 1 1 1 1 1 1 1 1 1 1 1 1 1 1 1 1 1 1 1 1 1 1 1 1 1 1 1 1
staticfield java/lang/ref/Finalizer lock Ljava/lang/Object; java/lang/Object
instanceKlass okio/AsyncTimeout$Watchdog
instanceKlass java/util/concurrent/ForkJoinWorkerThread
instanceKlass java/util/logging/LogManager$Cleaner
instanceKlass jdk/internal/misc/InnocuousThread
instanceKlass java/lang/ref/Finalizer$FinalizerThread
instanceKlass java/lang/ref/Reference$ReferenceHandler
ciInstanceKlass java/lang/Thread 1 1 609 9 7 12 1 1 1 9 12 1 1 10 12 1 1 9 12 1 1 9 12 1 1 100 1 8 1 10 12 1 1 3 8 1 100 1 5 0 10 12 1 1 10 7 12 1 1 9 12 1 1 9 12 1 9 12 1 1 9 12 1 100 1 8 1 10 9 12 1 1 10 7 12 1 1 1 10 100 12 1 1 1 10 10 7 12 1 1 10 12 1 1 10 12 1 1 9 100 12 1 1 1 10 12 1 1 10 12 1 9 12 1 1 10 12 1 1 10 12 1 1 9 12 1 10 12 1 1 9 12 1 1 10 7 12 1 1 1 9 12 1 1 9 12 1 1 10 12 1 1 10 7 12 1 1 1 9 12 1 10 12 1 1 9 12 1 7 1 10 100 1 10 8 1 10 12 1 1 10 12 1 10 12 1 10 12 1 1 10 12 1 10 12 1 9 12 1 100 1 10 10 12 1 1 10 12 1 10 12 1 100 1 11 7 12 1 1 9 7 12 1 1 1 10 12 1 10 12 1 10 12 9 12 1 1 10 9 12 1 10 12 1 100 1 10 10 12 1 1 9 12 1 10 12 1 11 100 12 1 1 10 12 1 10 12 1 10 12 1 10 10 12 1 10 12 1 10 12 1 10 12 1 10 12 1 1 100 1 10 10 12 1 10 12 1 10 12 1 9 100 12 1 1 1 10 12 1 1 10 12 1 100 1 8 1 10 10 12 1 10 12 8 1 10 12 1 8 1 10 8 1 8 1 10 100 12 1 1 10 100 12 1 1 1 100 1 8 1 10 9 12 1 9 12 1 1 10 12 1 1 10 10 12 1 1 9 12 1 10 12 1 1 100 1 10 12 11 100 12 1 1 1 9 100 12 1 1 1 9 12 1 1 10 12 1 1 100 1 10 12 1 11 100 12 1 1 1 100 1 10 12 1 10 12 1 1 11 12 1 10 12 1 100 1 10 12 1 10 12 1 1 10 7 12 1 1 1 8 1 9 12 1 10 12 1 1 11 100 12 1 1 1 10 100 12 1 1 1 11 12 1 10 12 1 7 1 1 1 1 1 3 1 3 1 3 1 1 1 1 1 1 1 1 1 1 1 1 1 1 1 1 1 1 1 7 1 1 1 1 1 1 1 1 1 1 1 1 100 1 100 1 1 1 1 1 1 1 1 1 1 1 1 1 1 1 1 1 1 1 1 1 1 1 1 1 1 1 1 1 1 1 1 1 1 1 1 1 1 1 1 1 1 100 100 1 1 1 1 1 1 1 1 1 100 1 1 1 1 1 1 1 1 1 1 1 1 1 1 1 1 1 1 1 1 1 1 1 1 1 1 1 1 100 1 1 1 1 1 1 100 1 1 100 1 1 1 1 1 1
staticfield java/lang/Thread EMPTY_STACK_TRACE [Ljava/lang/StackTraceElement; 0 [Ljava/lang/StackTraceElement;
ciInstanceKlass java/lang/ThreadGroup 1 1 291 10 7 12 1 1 1 9 7 12 1 1 1 8 1 9 12 1 1 7 1 9 12 1 9 12 1 1 10 12 1 1 10 12 1 1 10 12 1 10 12 1 1 10 12 1 9 12 1 1 10 12 1 1 10 12 1 9 12 1 10 100 12 1 1 1 9 12 1 9 12 1 1 10 7 12 1 1 1 100 10 12 1 1 10 7 12 1 1 1 10 100 12 1 9 12 1 10 12 1 1 10 12 1 1 9 12 1 1 10 12 1 1 10 12 1 10 12 1 10 12 1 1 10 12 1 1 10 12 1 10 12 1 10 10 12 1 10 12 1 10 100 1 10 10 12 1 10 12 1 10 12 1 7 10 12 1 9 12 1 1 10 12 1 1 8 1 10 100 12 1 1 1 10 12 1 1 10 12 1 1 10 12 1 1 11 100 1 100 1 9 12 1 100 1 10 8 1 10 12 1 1 10 12 1 1 8 1 10 12 1 10 100 12 1 1 1 10 12 1 1 10 100 1 8 1 10 8 1 10 12 1 8 1 1 1 1 1 1 1 1 1 1 1 1 1 1 1 1 1 1 1 1 1 1 1 1 1 1 1 1 1 1 1 1 1 1 1 1 1 1 3 1 1 1 1 1 1 1 1 1 1 1 1 1 1 1 1 1 1 1
instanceKlass java/util/Hashtable
ciInstanceKlass java/util/Dictionary 1 1 36 10 7 12 1 1 1 100 1 1 1 1 1 1 1 1 1 1 1 1 1 1 1 1 1 1 1 1 1 1 1 1 1 1 1 1
instanceKlass java/util/Properties
ciInstanceKlass java/util/Hashtable 1 1 488 100 1 10 7 12 1 1 1 9 7 12 1 1 1 100 1 100 1 10 8 1 10 12 1 1 10 12 1 10 12 1 1 10 12 1 10 7 12 1 1 1 8 1 10 12 1 9 12 1 1 7 1 9 12 1 1 4 10 7 12 1 1 1 9 12 1 4 10 12 1 11 7 12 1 1 1 10 12 1 1 10 12 1 1 9 12 1 10 12 1 1 100 1 10 9 12 1 1 10 7 12 1 1 1 9 12 1 1 10 12 1 10 12 1 3 9 12 1 9 12 1 3 10 12 1 10 12 1 10 12 1 1 11 12 1 1 11 7 12 1 1 1 11 7 12 1 1 1 11 12 1 7 1 11 12 1 11 12 1 10 12 1 1 10 12 1 1 10 12 1 9 12 1 1 9 12 9 12 1 1 10 100 1 100 1 10 12 1 10 8 1 10 10 12 1 8 1 10 8 1 10 7 12 1 1 1 7 1 10 12 1 10 12 1 100 1 10 12 1 10 12 1 1 7 1 10 100 1 10 10 12 1 1 11 12 1 1 11 12 1 100 1 10 10 10 100 12 1 1 11 100 12 1 1 1 100 1 10 11 100 12 1 1 11 100 12 1 10 12 1 10 12 1 1 10 100 12 1 1 10 12 1 1 10 12 1 1 10 12 1 1 10 100 12 1 1 100 1 10 10 12 1 8 1 10 12 10 100 12 1 1 1 100 1 11 100 12 1 1 1 10 12 1 10 12 1 1 10 100 1 100 1 1 1 1 1 1 5 0 1 1 1 1 1 3 1 3 1 3 1 1 1 1 1 1 1 1 1 1 1 1 1 1 1 1 1 1 1 1 1 1 1 1 1 100 1 1 1 1 1 1 1 1 1 1 1 1 1 1 1 1 1 1 1 1 1 1 1 1 1 1 1 1 1 100 1 1 1 1 1 1 1 1 1 1 1 1 1 1 1 1 1 1 1 1 1 1 1 1 1 1 1 1 1 1 1 1 1 1 1 1 1 1 1 1 1 1 1 1 1 1 1 1 1 1 1 1 1 1 1 1 1 1 100 1 1 1 100 1 1 1 1 1 100 1 1 1 1 1 1 1 1 1 1 1 1 1
instanceKlass java/security/Provider
ciInstanceKlass java/util/Properties 1 1 645 10 7 12 1 1 1 100 1 10 7 12 1 1 7 1 10 12 1 9 12 1 1 9 12 1 1 9 12 1 1 10 7 12 1 1 1 10 12 1 1 8 1 10 7 12 1 1 1 7 1 10 12 1 10 12 1 1 8 1 10 12 1 7 1 10 12 10 12 1 1 9 12 1 1 10 12 1 1 7 1 10 12 1 10 12 1 10 12 1 1 100 1 8 1 10 12 1 10 12 1 10 12 1 1 10 12 1 100 1 3 10 10 12 1 1 10 12 1 8 1 10 100 12 1 1 10 12 1 1 10 12 1 10 12 1 10 12 1 1 100 1 10 12 1 10 12 1 1 100 1 9 100 12 1 1 1 10 12 1 10 12 1 1 10 12 1 100 1 10 10 10 12 1 1 11 7 12 1 1 1 11 7 12 1 1 1 11 12 1 1 7 1 11 12 1 11 12 1 10 12 1 1 8 1 10 12 1 10 12 1 100 1 10 10 12 1 1 10 100 12 1 1 9 100 12 1 1 10 12 1 1 10 100 12 1 1 1 100 1 100 1 100 1 10 8 1 8 1 10 12 1 10 12 1 10 12 1 1 10 10 12 1 1 10 12 1 1 7 1 10 10 12 1 11 7 12 1 1 10 7 12 1 1 1 8 1 10 100 12 1 1 11 8 1 10 100 1 11 9 12 1 10 12 1 10 12 1 10 12 1 10 12 1 1 10 12 1 1 10 12 1 1 10 12 1 10 12 1 10 10 12 1 10 12 1 10 12 1 10 10 12 1 1 10 12 1 1 7 1 10 10 12 1 10 12 1 10 12 1 10 12 1 10 12 1 1 10 12 1 1 10 12 1 10 12 1 10 12 1 1 10 12 10 12 1 1 10 12 1 1 10 12 1 10 12 1 1 10 12 1 1 10 12 100 1 10 11 100 12 1 1 4 11 10 12 1 1 10 100 12 1 1 11 12 1 10 12 1 1 10 100 12 1 1 10 12 1 100 1 8 1 10 12 1 10 10 100 12 1 1 1 100 1 6 0 10 12 1 1 11 100 12 1 1 1 10 12 1 10 12 1 1 1 1 1 5 0 1 1 1 1 1 1 1 1 1 1 1 1 1 1 1 1 1 1 1 1 1 1 1 1 1 1 1 1 1 1 1 1 1 1 1 1 1 1 1 1 100 1 1 1 1 1 1 1 1 1 1 1 1 1 1 1 1 1 1 1 100 1 1 1 1 1 1 1 100 1 100 1 1 1 1 100 1 1 1 1 1 1 1 1 1 1 1 1 1 1 1 1 1 1 1 1 1 1 1 1 1 1 1 1 1 1 1 1 1 1 1 1 1 1 1 1 1 1 1 1 1 1 1 1 1 1 1 1 1 1 1 1 1 1 1 1 1 1 1 1 1 1 1 1 1 1 1 1 1 1 1 1 1 100 1 1 1 1 1 1 1 1 1 100 1 1 1
staticfield java/util/Properties UNSAFE Ljdk/internal/misc/Unsafe; jdk/internal/misc/Unsafe
staticfield java/util/Properties hexDigit [C 16
ciInstanceKlass java/lang/Module 1 1 907 10 7 12 1 1 1 9 7 12 1 1 1 10 7 12 1 1 1 9 12 1 9 12 1 1 9 12 1 1 10 12 1 1 10 12 1 10 12 1 1 10 7 12 1 1 1 7 1 10 7 12 1 1 1 10 12 1 1 7 1 11 7 12 1 1 1 7 1 10 12 1 1 10 7 12 1 1 1 9 100 12 1 1 1 10 100 12 1 1 1 10 12 1 8 1 10 12 1 1 10 7 12 1 1 1 10 12 1 9 12 1 1 11 12 1 9 7 12 1 1 10 7 12 1 1 1 9 12 1 1 10 7 12 1 1 1 10 12 1 1 100 1 100 1 10 10 12 1 1 8 1 10 12 1 10 12 10 12 1 10 12 1 1 10 12 1 1 10 12 1 1 9 7 12 1 1 1 10 12 1 1 10 12 1 1 9 12 1 10 12 1 10 12 1 9 12 1 1 11 7 12 1 1 10 12 1 1 9 12 1 9 12 1 10 12 1 10 12 1 100 1 8 1 10 10 12 1 1 10 12 1 8 1 10 12 1 1 10 100 12 1 1 1 10 12 1 1 10 12 1 8 1 8 1 10 12 1 1 10 12 1 10 12 1 1 18 12 1 1 10 12 1 1 11 12 1 9 12 1 11 12 10 7 12 1 1 100 1 8 1 10 7 1 10 10 12 1 11 7 12 1 1 11 12 1 1 9 12 1 11 12 1 10 12 1 1 10 12 1 1 9 12 1 10 12 10 7 12 1 1 10 7 12 1 1 10 7 1 18 12 1 11 100 12 1 1 1 10 100 12 1 1 1 11 12 1 1 10 7 12 1 1 11 12 1 1 4 10 12 1 7 1 10 11 12 1 1 7 1 10 11 7 12 1 10 7 12 1 1 1 7 1 8 1 10 12 1 1 10 7 12 1 1 10 12 1 1 10 12 1 7 1 10 12 1 9 12 1 1 100 1 10 11 12 1 1 10 12 10 12 1 1 10 12 1 1 11 100 1 10 12 1 1 11 12 1 10 12 1 11 10 12 1 1 10 12 1 1 10 12 1 1 10 7 12 1 1 10 12 1 10 12 1 1 10 12 1 1 10 12 1 18 12 1 1 11 12 1 1 11 12 1 18 12 1 10 12 1 10 12 1 10 12 7 1 10 12 1 10 12 1 10 12 1 9 12 1 7 1 10 10 10 10 12 1 10 12 1 10 12 1 10 12 1 1 10 12 1 1 10 12 1 9 12 1 18 12 1 1 10 100 12 1 1 1 100 1 8 1 10 12 1 1 10 12 1 1 10 100 12 1 1 100 1 10 12 1 1 100 1 8 1 100 1 10 100 1 100 1 3 10 12 1 100 1 10 12 1 10 12 1 1 10 12 1 1 100 1 10 12 1 10 12 1 1 100 1 100 1 10 12 8 1 10 12 1 1 10 12 1 1 10 7 12 1 1 10 12 1 1 10 12 1 10 12 10 12 1 1 100 1 10 10 12 1 1 10 100 12 1 1 1 100 1 8 1 10 12 1 1 10 100 12 1 1 8 1 10 12 1 8 1 10 12 1 10 12 10 12 1 8 1 10 7 1 10 10 12 1 10 12 11 12 1 100 1 1 1 1 1 1 1 1 1 1 1 1 1 1 1 1 1 1 1 1 1 1 1 1 1 1 1 1 1 1 1 1 1 1 1 1 1 1 1 1 1 1 1 1 1 1 1 1 1 1 1 1 1 1 1 1 1 1 1 1 1 1 1 1 1 1 1 1 1 1 1 1 1 1 1 1 1 1 1 1 1 1 1 1 1 1 1 1 1 1 1 1 1 1 1 1 1 1 1 1 1 1 1 1 1 1 1 1 1 1 1 1 1 1 1 1 1 1 1 1 1 1 1 1 1 1 1 100 1 100 1 100 1 1 1 1 1 1 1 1 1 1 1 1 1 1 1 1 1 1 1 1 15 10 7 12 1 1 1 16 15 10 12 16 16 15 10 100 1 16 1 16 15 10 12 16 1 15 10 12 16 1 16 15 10 12 16 1 1 1 100 1 1 1 1 1 100 1 100 1 1
staticfield java/lang/Module ALL_UNNAMED_MODULE Ljava/lang/Module; java/lang/Module
staticfield java/lang/Module ALL_UNNAMED_MODULE_SET Ljava/util/Set; java/util/ImmutableCollections$Set12
staticfield java/lang/Module EVERYONE_MODULE Ljava/lang/Module; java/lang/Module
staticfield java/lang/Module EVERYONE_SET Ljava/util/Set; java/util/ImmutableCollections$Set12
staticfield java/lang/Module $assertionsDisabled Z 1
instanceKlass com/google/common/reflect/Element
instanceKlass java/lang/reflect/Executable
instanceKlass java/lang/reflect/Field
ciInstanceKlass java/lang/reflect/AccessibleObject 1 1 438 10 7 12 1 1 1 9 100 12 1 1 1 10 100 12 1 1 1 10 7 12 1 1 10 7 12 1 1 1 10 100 12 1 1 1 10 12 1 1 10 12 1 1 9 12 1 1 100 1 10 7 12 1 1 1 11 12 1 100 1 10 12 1 7 1 100 1 10 12 1 10 12 1 1 7 1 10 7 12 1 1 1 10 12 1 1 100 1 10 12 1 1 100 1 10 10 10 7 12 1 1 1 10 12 1 1 10 12 1 1 10 12 1 10 12 1 10 12 1 1 10 12 1 10 12 1 8 1 100 1 10 10 12 1 1 8 1 10 12 1 10 12 1 8 1 8 1 8 1 8 1 8 1 8 1 100 1 10 12 1 10 12 1 9 12 1 1 10 12 1 1 10 12 1 10 7 12 1 1 1 18 12 1 1 10 12 1 10 12 10 11 100 1 100 1 8 1 10 10 12 1 10 12 1 1 8 1 10 12 1 8 1 10 12 1 1 10 100 1 8 1 10 12 1 11 7 12 1 1 10 12 1 1 10 12 1 1 10 12 1 1 9 12 1 1 100 1 10 12 1 7 1 10 12 10 12 1 1 10 100 1 10 12 1 10 12 10 12 1 10 12 1 1 10 12 1 10 12 1 1 10 9 12 1 10 100 12 1 1 8 1 10 100 12 1 1 1 8 1 10 100 12 1 1 1 9 12 1 100 1 10 7 1 10 10 7 12 1 1 1 7 1 10 10 7 12 1 1 1 7 1 9 12 1 1 1 1 1 1 1 1 1 1 1 1 1 1 1 1 1 1 1 1 1 1 1 1 1 1 1 1 1 1 1 1 1 1 1 1 1 1 1 1 1 1 1 1 1 1 1 1 1 1 1 1 1 1 1 1 1 1 1 1 1 1 1 1 1 1 1 1 1 1 1 1 1 1 1 1 1 1 1 1 1 1 1 1 15 10 7 12 1 1 1 16 15 10 12 16 1 1 1 100 1 100 1 1
staticfield java/lang/reflect/AccessibleObject reflectionFactory Ljdk/internal/reflect/ReflectionFactory; jdk/internal/reflect/ReflectionFactory
ciInstanceKlass java/lang/reflect/Field 1 1 433 9 7 12 1 1 1 10 12 1 1 10 100 12 1 1 1 10 100 12 1 1 9 12 1 1 10 12 1 1 10 12 1 1 10 100 12 1 1 10 7 12 1 1 1 9 12 1 1 9 12 1 9 12 1 9 12 1 1 9 12 1 9 12 1 1 9 12 1 1 7 1 8 1 10 12 1 10 12 1 9 12 1 1 9 12 1 10 12 1 10 7 12 1 1 10 12 1 1 10 12 1 1 10 12 1 10 12 1 1 100 1 10 12 1 1 10 12 1 1 10 12 1 1 10 12 1 10 12 1 10 7 1 10 100 12 1 1 100 1 10 8 1 10 12 1 1 10 12 1 1 8 1 10 12 10 12 1 8 1 8 1 10 11 100 1 9 12 1 1 10 12 1 1 10 12 1 1 11 7 12 1 1 1 11 12 1 1 11 12 1 1 11 12 1 1 11 12 1 1 11 12 1 1 11 12 1 1 11 12 1 1 11 12 1 1 11 12 1 1 11 12 1 1 11 12 1 1 11 12 1 1 11 12 1 1 11 12 1 1 11 12 1 1 11 12 1 1 11 12 1 1 10 12 1 10 100 12 1 1 10 12 1 10 12 1 1 10 12 9 12 1 1 10 7 12 1 1 1 10 12 1 1 10 7 12 1 1 10 12 1 1 11 7 1 10 12 1 7 1 10 100 12 1 1 1 10 7 12 1 1 1 9 12 1 10 7 12 1 1 1 11 7 12 1 1 1 10 12 1 1 10 12 1 1 9 100 12 1 1 1 10 100 12 1 1 1 10 12 1 1 100 1 1 1 1 1 1 1 1 1 1 1 1 1 1 1 1 1 1 1 1 1 1 1 1 1 1 1 1 1 1 1 1 1 1 1 7 1 1 1 1 1 1 1 1 1 1 1 1 1 1 1 1 1 1 1 1 1 1 1 1 1 1 1 1 1 1 1 1 1 100 1 1 1 1 1 1 1 1 100 1 1
ciInstanceKlass java/lang/reflect/Parameter 0 0 226 10 100 12 1 1 1 9 100 12 1 1 1 9 12 1 1 9 12 1 1 9 12 1 10 12 1 1 10 12 1 1 10 100 12 1 1 1 100 1 10 10 12 1 1 11 100 12 1 1 1 10 12 1 10 100 12 1 1 1 10 12 1 1 10 12 1 10 12 1 8 1 8 1 10 100 12 1 1 1 10 12 1 10 12 10 12 1 8 1 10 12 1 9 12 1 1 10 12 1 1 9 12 1 1 10 12 1 1 10 12 1 1 10 12 1 1 10 12 1 10 10 12 1 10 100 12 1 1 1 10 12 1 1 11 100 12 1 1 10 100 12 1 1 100 1 10 100 12 1 1 1 10 12 1 1 10 12 1 1 10 12 1 1 10 12 1 1 9 12 1 100 1 10 11 12 1 1 11 12 1 1 100 1 1 1 1 1 1 1 1 1 1 1 1 1 1 1 1 1 1 1 1 1 1 1 1 1 1 1 1 1 1 1 1 1 1 1 1 1 1 100 1 1 1 1
instanceKlass java/lang/reflect/Constructor
instanceKlass java/lang/reflect/Method
ciInstanceKlass java/lang/reflect/Executable 1 1 523 10 7 12 1 1 1 10 7 12 1 1 1 10 7 12 1 1 1 11 7 12 1 1 1 10 7 12 1 1 1 10 12 1 1 10 7 12 1 1 1 10 7 12 1 1 1 10 12 1 8 1 10 10 12 1 1 10 12 1 1 10 7 12 1 1 1 18 12 1 1 11 7 12 1 1 1 8 1 8 1 8 1 10 7 12 1 1 1 11 12 1 1 7 1 8 1 8 1 10 12 1 100 1 8 1 10 12 1 8 1 11 7 12 1 1 1 7 1 10 12 1 1 11 12 1 8 1 18 8 1 10 12 1 10 12 1 1 18 8 1 10 12 1 7 1 10 12 1 10 12 1 11 7 12 1 1 10 12 1 1 8 1 8 1 10 12 1 1 10 12 1 1 10 10 12 1 100 1 10 10 12 1 10 12 1 1 10 7 12 1 1 10 12 1 10 12 1 10 12 1 1 10 100 12 1 1 10 12 1 10 12 1 10 100 12 1 1 1 10 12 1 8 1 10 12 1 10 12 1 3 100 1 8 1 10 12 1 10 12 1 10 10 12 1 10 12 1 1 8 1 8 1 8 1 9 12 1 10 12 1 100 1 8 1 9 12 1 10 12 1 10 12 1 1 10 12 1 1 10 12 1 10 12 10 12 1 7 1 10 12 1 10 12 1 1 100 1 10 100 12 1 1 1 100 1 10 7 12 1 1 1 10 12 1 1 11 7 12 1 1 10 7 12 1 1 10 100 12 1 1 1 10 12 1 1 9 12 1 10 12 1 1 10 12 1 10 12 1 1 9 100 12 1 1 1 10 100 12 1 1 1 10 12 1 9 12 1 10 12 1 9 12 1 10 12 1 1 9 12 1 100 1 100 1 1 1 1 1 1 1 1 1 1 1 1 1 1 1 1 1 1 1 1 1 1 1 1 1 1 1 1 1 1 1 1 1 1 100 1 1 1 1 1 1 1 1 100 1 1 1 1 1 1 1 1 1 1 1 1 100 1 1 1 1 1 1 1 1 1 1 1 1 1 1 1 1 1 1 1 1 1 1 1 1 1 1 1 1 1 1 1 1 1 1 1 1 1 1 1 1 100 1 1 1 1 1 1 1 1 1 1 1 1 1 1 1 15 10 7 12 1 1 1 16 15 16 1 16 1 15 10 12 16 1 100 1 1 100 1 100 1 1
ciInstanceKlass java/lang/reflect/Method 1 1 446 9 7 12 1 1 1 10 7 12 1 1 1 10 7 12 1 1 9 12 1 1 10 12 1 1 10 12 1 1 10 7 12 1 1 10 7 12 1 1 1 9 12 1 1 9 12 1 9 12 1 1 9 12 1 9 12 1 9 12 1 1 9 12 1 9 12 1 1 9 12 1 9 12 1 9 12 1 1 7 1 8 1 10 12 1 10 12 1 9 12 1 1 8 1 10 7 12 1 1 10 7 12 1 1 1 10 12 1 1 10 12 1 1 10 12 1 10 12 1 1 10 12 1 1 7 1 10 12 1 1 10 12 10 7 12 1 1 10 12 1 1 10 10 12 1 10 12 1 10 12 1 10 7 12 1 1 1 10 12 1 1 10 7 1 10 7 12 1 1 1 10 7 12 1 1 10 12 1 1 10 12 1 1 10 12 1 10 7 12 1 1 1 10 12 1 10 8 1 10 12 1 10 12 1 7 1 8 1 8 1 8 1 10 12 1 10 12 1 1 10 12 1 1 10 10 12 1 1 10 12 1 11 7 1 9 12 1 1 10 12 1 1 10 12 1 10 12 1 1 10 12 1 1 11 7 12 1 1 1 10 12 1 10 12 1 10 12 1 10 12 1 10 12 1 9 12 1 1 10 7 12 1 1 1 10 12 1 1 10 7 12 1 1 1 10 7 12 1 1 1 10 7 12 1 1 1 11 7 12 1 1 1 10 7 12 1 1 1 7 1 100 1 100 1 10 12 1 10 12 1 1 10 12 1 100 1 8 1 10 12 1 10 10 12 1 1 10 12 1 1 10 12 1 1 10 12 1 1 8 1 10 12 1 1 1 1 1 1 1 1 1 1 1 1 1 1 1 1 1 1 1 1 1 1 1 1 1 1 1 1 1 1 1 1 1 1 1 1 1 1 1 1 1 1 1 1 1 1 1 1 1 1 1 1 100 1 7 1 7 1 1 1 1 1 1 1 1 1 1 1 1 1 1 1 1 1 1 1 1 1 1 1 1 1 1
ciInstanceKlass java/lang/reflect/Constructor 1 1 420 10 100 12 1 1 1 10 100 12 1 1 9 7 12 1 1 1 10 12 1 1 10 12 1 1 10 100 12 1 1 9 12 1 1 10 7 12 1 1 1 9 12 1 1 9 12 1 1 9 12 1 9 12 1 1 9 12 1 9 12 1 1 9 12 1 1 9 12 1 7 1 8 1 10 12 1 10 12 1 9 12 1 1 10 7 12 1 1 10 7 12 1 1 1 10 12 1 1 10 12 1 1 10 12 1 7 1 100 1 8 1 10 10 12 1 10 12 1 10 12 1 1 10 12 1 1 100 1 10 7 12 1 1 10 12 1 1 10 10 12 1 10 12 1 1 10 100 12 1 1 1 10 100 12 1 1 10 12 1 1 10 12 1 10 100 12 1 1 1 8 1 10 10 12 1 100 1 8 1 10 12 1 10 12 1 1 10 12 1 1 10 12 1 10 12 1 10 12 1 1 10 12 1 1 9 12 1 1 10 12 1 1 10 12 1 1 10 12 1 8 1 10 12 1 1 11 7 12 1 1 1 10 12 1 1 10 12 1 10 12 1 9 12 1 1 10 7 12 1 1 1 10 12 1 1 10 12 1 1 10 12 1 1 10 12 1 1 10 12 1 10 12 1 10 12 1 10 12 1 100 1 8 1 10 10 12 1 1 10 12 1 10 10 12 1 1 10 12 1 1 10 100 12 1 1 1 11 100 12 1 1 1 9 100 12 1 1 1 10 100 12 1 1 1 10 12 1 1 1 1 1 1 1 1 1 1 1 1 1 1 1 1 1 1 1 1 1 1 1 1 1 1 1 1 1 1 1 1 1 1 1 1 1 1 1 1 1 1 1 1 1 1 1 1 1 1 1 100 1 7 1 7 1 7 1 1 1 1 1 1 1 1 1 1 1 1 1 1 1 1 1 1 1 1 1 1 1 1 1 1 1 1 1 1 1 1 100 1 1
instanceKlass jdk/internal/reflect/FieldAccessorImpl
instanceKlass jdk/internal/reflect/ConstructorAccessorImpl
instanceKlass jdk/internal/reflect/MethodAccessorImpl
ciInstanceKlass jdk/internal/reflect/MagicAccessorImpl 1 1 16 10 7 12 1 1 1 100 1 1 1 1 1 1 1 1
instanceKlass jdk/internal/reflect/GeneratedMethodAccessor2
instanceKlass jdk/internal/reflect/GeneratedMethodAccessor1
instanceKlass jdk/internal/reflect/DelegatingMethodAccessorImpl
instanceKlass jdk/internal/reflect/NativeMethodAccessorImpl
ciInstanceKlass jdk/internal/reflect/MethodAccessorImpl 1 1 25 10 7 12 1 1 1 100 1 100 1 1 1 1 1 1 1 1 1 100 1 100 1 1 1
instanceKlass jdk/internal/reflect/GeneratedConstructorAccessor11
instanceKlass jdk/internal/reflect/GeneratedConstructorAccessor10
instanceKlass jdk/internal/reflect/GeneratedConstructorAccessor9
instanceKlass jdk/internal/reflect/GeneratedConstructorAccessor8
instanceKlass jdk/internal/reflect/GeneratedConstructorAccessor7
instanceKlass jdk/internal/reflect/GeneratedConstructorAccessor6
instanceKlass jdk/internal/reflect/GeneratedConstructorAccessor5
instanceKlass jdk/internal/reflect/GeneratedConstructorAccessor4
instanceKlass jdk/internal/reflect/GeneratedConstructorAccessor3
instanceKlass jdk/internal/reflect/GeneratedConstructorAccessor2
instanceKlass jdk/internal/reflect/BootstrapConstructorAccessorImpl
instanceKlass jdk/internal/reflect/GeneratedConstructorAccessor1
instanceKlass jdk/internal/reflect/DelegatingConstructorAccessorImpl
instanceKlass jdk/internal/reflect/NativeConstructorAccessorImpl
ciInstanceKlass jdk/internal/reflect/ConstructorAccessorImpl 1 1 27 10 7 12 1 1 1 100 1 100 1 1 1 1 1 1 1 1 1 100 1 100 1 100 1 1 1
ciInstanceKlass jdk/internal/reflect/DelegatingClassLoader 1 1 18 10 7 12 1 1 1 100 1 1 1 1 1 1 1 1 1 1
ciInstanceKlass jdk/internal/reflect/ConstantPool 1 1 142 10 100 12 1 1 1 9 7 12 1 1 1 10 12 1 1 10 12 1 1 10 12 1 10 12 1 1 10 12 1 1 10 12 1 10 12 1 1 10 12 1 10 12 1 1 10 12 1 10 12 1 10 12 1 10 12 1 1 10 12 1 1 10 12 1 1 10 12 1 1 10 12 1 10 12 1 1 10 100 12 1 1 1 8 11 7 12 1 1 1 10 7 12 1 1 1 1 1 1 1 1 1 1 1 1 1 1 1 1 1 1 1 1 1 1 1 1 1 1 1 1 1 1 1 1 1 1 1 1 1 1 1 1 1 1 1 1 1 1 1 1
instanceKlass jdk/internal/reflect/UnsafeFieldAccessorImpl
ciInstanceKlass jdk/internal/reflect/FieldAccessorImpl 1 1 59 10 7 12 1 1 1 100 1 100 1 1 1 1 1 1 1 1 1 100 1 1 1 1 1 1 1 1 1 1 1 1 1 1 1 1 1 1 1 100 1 1 1 1 1 1 1 1 1 1 1 1 1 1 1 1 1 1 1
instanceKlass jdk/internal/reflect/UnsafeObjectFieldAccessorImpl
instanceKlass jdk/internal/reflect/UnsafeStaticFieldAccessorImpl
ciInstanceKlass jdk/internal/reflect/UnsafeFieldAccessorImpl 1 1 254 10 7 12 1 1 1 9 7 12 1 1 1 10 7 12 1 1 1 10 7 12 1 1 1 9 12 1 1 10 7 12 1 1 1 9 12 1 1 10 12 1 10 12 1 9 12 1 10 12 1 1 10 7 12 1 1 10 7 12 1 1 1 10 12 1 1 100 1 10 10 12 1 1 10 12 1 1 8 1 10 10 12 1 100 1 8 1 10 12 1 8 1 10 12 1 8 1 10 12 1 100 1 10 12 1 1 10 8 1 10 12 1 1 8 1 10 100 12 1 1 8 1 10 100 12 1 1 8 1 10 100 12 1 1 8 1 10 100 12 1 1 8 1 10 100 12 1 1 8 1 10 100 12 1 1 8 1 10 100 12 1 1 8 1 10 100 12 1 1 10 12 1 1 8 1 8 1 8 1 8 1 8 1 8 1 10 100 12 1 1 1 8 1 8 1 8 1 10 12 10 12 1 1 1 1 1 1 1 1 1 1 1 1 1 1 1 1 1 1 1 1 1 1 1 1 1 1 1 1 1 1 1 1 1 1 1 1 1 1 1 1 1 1 1 1 1 1 1 1 1 1 1 1
staticfield jdk/internal/reflect/UnsafeFieldAccessorImpl unsafe Ljdk/internal/misc/Unsafe; jdk/internal/misc/Unsafe
ciInstanceKlass jdk/internal/reflect/UnsafeStaticFieldAccessorImpl 0 0 47 10 100 12 1 1 1 9 100 12 1 1 1 10 100 12 1 1 1 9 12 1 1 8 11 100 12 1 1 1 10 100 12 1 1 1 1 1 1 1 1 1 1 1 1 1 1
ciInstanceKlass jdk/internal/reflect/CallerSensitive 1 1 17 100 1 100 1 100 1 1 1 1 1 1 1 1 1 1 1
ciInstanceKlass jdk/internal/reflect/NativeConstructorAccessorImpl 1 1 95 10 7 12 1 1 1 9 7 12 1 1 1 9 12 1 1 10 7 12 1 1 1 10 7 12 1 1 1 10 7 12 1 1 1 7 1 10 10 12 1 1 10 12 1 10 12 1 10 12 1 1 9 12 1 1 10 7 12 1 1 1 10 12 1 1 1 1 1 1 1 1 1 1 1 1 1 1 1 1 1 1 1 1 100 1 100 1 100 1 1 1 1 1 1
instanceKlass java/lang/invoke/DelegatingMethodHandle
instanceKlass java/lang/invoke/BoundMethodHandle
instanceKlass java/lang/invoke/DirectMethodHandle
ciInstanceKlass java/lang/invoke/MethodHandle 1 1 612 100 1 9 7 12 1 1 1 10 7 12 1 1 1 10 7 12 1 1 1 7 1 7 1 10 12 1 1 9 12 1 1 10 12 1 10 12 1 1 10 12 1 1 10 100 12 1 1 1 10 12 1 1 10 12 1 1 11 100 12 1 1 1 10 12 1 1 10 12 1 10 12 1 9 12 1 1 10 12 1 1 100 1 100 1 10 8 1 10 12 1 1 10 12 1 8 1 10 12 1 1 10 12 1 10 7 12 1 1 1 10 12 1 10 12 1 1 10 12 1 1 10 12 1 1 10 12 1 1 10 7 12 1 1 1 10 100 12 1 1 1 7 1 10 12 1 1 10 12 1 1 10 12 1 1 8 1 10 7 12 1 1 1 8 1 10 12 1 1 10 12 1 1 10 12 1 1 10 12 1 8 1 10 12 1 1 8 1 10 12 1 8 1 10 100 12 1 1 1 9 12 1 1 100 1 10 9 100 12 1 1 1 9 100 1 8 1 10 12 1 1 10 12 1 10 12 1 1 10 12 1 10 12 1 1 10 12 1 10 12 1 1 10 12 1 1 10 12 1 10 12 1 1 10 12 1 1 8 1 10 12 1 1 8 1 10 12 1 10 12 1 1 10 12 1 10 12 1 10 12 1 1 9 100 12 1 1 1 10 12 1 1 11 12 1 10 12 1 10 12 1 1 10 100 12 1 1 1 100 1 11 12 1 10 100 1 11 12 1 100 1 10 12 1 11 12 1 9 100 12 1 1 1 11 12 1 1 11 100 12 1 1 1 10 12 1 1 9 12 1 11 12 1 9 12 1 9 12 1 9 12 1 11 12 1 1 9 12 1 9 12 1 9 12 1 9 12 1 9 12 1 9 12 1 9 12 1 8 1 10 12 1 10 12 1 8 1 10 12 1 10 12 1 10 10 7 12 1 1 10 12 1 1 100 1 8 1 10 12 1 1 10 12 1 1 9 10 12 1 100 1 10 100 12 1 1 1 10 12 1 9 100 12 1 1 1 10 12 1 1 10 12 1 1 8 1 9 12 1 9 12 1 1 9 12 1 1 10 7 12 1 1 1 10 12 1 10 12 1 1 10 12 1 1 10 12 1 8 10 12 1 1 1 1 1 1 1 1 1 1 100 1 1 1 1 1 1 1 1 1 1 1 1 1 1 1 1 1 1 1 1 1 1 1 1 1 1 1 1 1 1 1 1 1 1 1 1 1 1 1 1 1 1 1 1 1 1 1 1 1 1 1 1 1 1 1 1 1 1 1 1 1 1 1 1 1 1 1 1 1 100 1 1 1 1 1 1 1 1 1 100 1 1 1 1 1 1 1 1 1 1 1 1 1 1 1 1 1 1 1 100 1 1 100 1 1 100 1 1 1 1
staticfield java/lang/invoke/MethodHandle FORM_OFFSET J 20
staticfield java/lang/invoke/MethodHandle $assertionsDisabled Z 1
instanceKlass java/lang/invoke/DirectMethodHandle$Interface
instanceKlass java/lang/invoke/DirectMethodHandle$Constructor
instanceKlass java/lang/invoke/DirectMethodHandle$Special
instanceKlass java/lang/invoke/DirectMethodHandle$Accessor
ciInstanceKlass java/lang/invoke/DirectMethodHandle 1 1 922 7 1 7 1 100 1 7 1 7 1 10 7 12 1 1 1 10 7 12 1 1 1 100 1 10 12 1 10 12 1 1 10 7 12 1 1 10 12 1 1 10 12 1 10 12 1 7 1 10 12 1 1 10 12 1 1 10 12 1 10 12 1 1 10 7 12 1 1 1 10 12 1 9 12 1 1 100 1 10 9 12 1 1 10 12 1 10 12 1 10 12 1 1 10 12 1 10 12 1 10 12 1 10 7 12 1 1 1 10 12 1 10 12 1 1 8 1 10 12 1 1 7 1 10 12 1 7 1 10 10 12 1 10 12 1 10 12 1 10 7 12 1 1 1 10 12 1 1 100 1 10 12 1 10 12 1 7 1 10 12 1 10 12 1 1 10 12 1 1 10 12 1 8 10 100 12 1 1 1 10 12 1 10 12 1 10 12 1 1 10 12 1 9 7 12 1 1 1 7 1 10 12 1 10 7 12 1 1 1 10 12 1 100 1 10 8 1 10 12 1 1 10 12 1 10 12 1 10 10 12 1 10 12 1 10 12 1 10 12 1 10 12 1 1 10 12 1 10 12 1 1 10 12 1 10 12 1 1 10 10 7 12 1 1 1 10 12 1 1 10 12 1 1 10 12 1 10 12 1 1 8 1 9 7 12 1 1 1 8 1 9 12 1 9 12 1 8 1 9 12 1 9 12 1 8 1 9 12 1 9 12 1 8 1 10 12 1 10 12 1 1 9 12 1 1 7 1 10 12 1 1 100 1 10 7 12 1 1 1 10 12 1 1 10 12 1 10 12 1 1 7 1 10 12 1 1 10 12 1 10 12 1 1 7 1 10 12 1 1 10 7 12 1 1 1 10 12 1 10 12 1 10 12 1 9 12 1 1 10 7 1 9 12 9 12 1 10 7 12 1 1 1 10 12 1 7 1 7 1 7 1 9 12 1 1 10 7 12 1 10 12 1 1 10 12 1 10 12 1 1 9 100 12 1 1 1 10 12 1 1 100 1 10 12 1 100 1 10 12 1 1 10 12 1 8 1 9 12 1 9 12 1 10 12 1 9 12 1 1 10 100 12 1 1 1 9 12 1 1 9 12 1 1 10 12 1 10 12 1 10 12 1 10 12 1 10 12 1 1 10 12 1 10 7 12 1 1 9 12 1 10 12 1 10 12 1 10 12 1 10 12 1 1 10 12 1 1 9 12 1 1 10 12 1 1 9 7 12 1 1 1 9 12 1 9 12 1 9 12 1 9 12 1 9 12 1 9 12 1 9 12 1 9 12 1 9 12 1 9 12 1 9 12 1 9 12 1 9 12 1 9 12 1 9 12 1 9 12 1 9 12 1 9 12 1 9 12 1 9 12 1 9 12 1 9 12 1 9 12 1 9 12 1 9 12 1 9 12 1 9 12 1 9 12 1 9 12 1 9 12 1 9 12 1 9 12 1 9 12 1 9 12 1 9 12 1 9 12 1 8 1 9 12 1 1 9 12 1 1 10 12 1 10 12 1 1 9 7 1 10 12 1 9 12 1 1 10 12 10 12 1 10 12 1 10 12 1 10 8 1 8 1 8 1 8 1 10 12 1 1 9 12 1 1 10 12 1 10 100 12 1 1 1 8 9 12 1 1 10 12 1 1 8 1 8 8 9 12 1 8 1 8 8 8 8 8 1 8 10 12 1 10 12 1 8 1 8 1 10 12 1 10 12 1 10 12 1 10 12 1 1 7 1 1 1 1 3 1 3 1 3 1 3 1 3 1 3 1 3 1 3 1 3 1 3 1 1 1 1 1 1 1 1 1 1 3 1 3 1 1 1 1 3 1 1 1 1 1 1 1 1 1 1 1 1 1 1 1 1 1 1 1 1 1 1 1 1 1 1 1 1 1 1 1 1 1 1 1 1 1 1 1 1 1 1 1 1 1 1 1 1 1 1 1 1 100 1 1 1 1 1 1 1 1 1 1 1 1 1 1 100 1 1 1 1 1 1 1 1 1 1 1 1 1 1 1 1 1 1 1 1 1 1 1 1 1 1 1 1 1 1 1 1 1 1 1 1 1 1 1 1 1 1 1 1 1 1 1 1 1 1
staticfield java/lang/invoke/DirectMethodHandle IMPL_NAMES Ljava/lang/invoke/MemberName$Factory; java/lang/invoke/MemberName$Factory
staticfield java/lang/invoke/DirectMethodHandle FT_UNCHECKED_REF I 8
staticfield java/lang/invoke/DirectMethodHandle ACCESSOR_FORMS [Ljava/lang/invoke/LambdaForm; 132 [Ljava/lang/invoke/LambdaForm;
staticfield java/lang/invoke/DirectMethodHandle ALL_WRAPPERS [Lsun/invoke/util/Wrapper; 10 [Lsun/invoke/util/Wrapper;
staticfield java/lang/invoke/DirectMethodHandle NFS [Ljava/lang/invoke/LambdaForm$NamedFunction; 12 [Ljava/lang/invoke/LambdaForm$NamedFunction;
staticfield java/lang/invoke/DirectMethodHandle OBJ_OBJ_TYPE Ljava/lang/invoke/MethodType; java/lang/invoke/MethodType
staticfield java/lang/invoke/DirectMethodHandle LONG_OBJ_TYPE Ljava/lang/invoke/MethodType; java/lang/invoke/MethodType
staticfield java/lang/invoke/DirectMethodHandle $assertionsDisabled Z 1
instanceKlass java/lang/invoke/VarHandleReferences$Array
instanceKlass java/lang/invoke/VarHandleInts$FieldInstanceReadOnly
instanceKlass java/lang/invoke/VarHandleLongs$FieldInstanceReadOnly
instanceKlass java/lang/invoke/VarHandleReferences$FieldInstanceReadOnly
instanceKlass java/lang/invoke/VarHandleByteArrayAsLongs$ByteArrayViewVarHandle
instanceKlass java/lang/invoke/VarHandleByteArrayAsInts$ByteArrayViewVarHandle
instanceKlass java/lang/invoke/VarHandleReferences$FieldStaticReadOnly
ciInstanceKlass java/lang/invoke/VarHandle 1 1 331 10 7 12 1 1 1 9 7 12 1 1 1 100 1 10 8 1 10 12 1 1 10 7 12 1 1 1 10 12 1 1 10 100 12 1 1 1 9 100 12 1 1 1 10 12 1 1 10 100 12 1 1 1 10 12 1 1 9 12 1 10 12 1 10 12 1 1 9 100 12 1 1 1 9 12 1 1 10 100 12 1 1 10 12 1 10 10 12 1 1 10 12 1 1 10 100 12 1 1 1 10 100 12 1 1 1 10 100 12 1 1 1 9 12 1 1 10 9 12 1 1 10 12 1 10 12 1 1 10 12 1 1 10 100 12 1 1 10 100 12 1 1 1 9 12 1 1 10 12 1 1 9 12 1 1 10 12 1 1 10 12 1 10 100 12 1 1 100 1 10 9 7 12 1 1 1 9 12 1 1 10 7 12 1 1 1 10 12 1 10 12 1 10 12 1 10 12 1 10 12 1 10 12 1 1 7 1 10 10 7 12 1 1 1 9 12 1 1 8 10 12 1 1 7 1 10 12 1 1 100 1 1 1 1 1 1 1 1 1 1 1 1 1 1 1 1 1 1 1 1 1 1 1 1 1 1 1 1 1 1 1 1 1 1 1 1 1 1 1 1 1 1 1 1 1 1 1 1 1 1 1 1 1 1 1 1 1 1 1 1 1 1 1 1 1 1 1 1 1 1 1 1 1 1 1 1 1 1 1 1 1 1 100 1 100 1 100 1 100 1 1 1 1 1 1 1 100 1 1 1
staticfield java/lang/invoke/VarHandle AIOOBE_SUPPLIER Ljava/util/function/BiFunction; jdk/internal/util/Preconditions$1
staticfield java/lang/invoke/VarHandle VFORM_OFFSET J 12
staticfield java/lang/invoke/VarHandle $assertionsDisabled Z 1
ciInstanceKlass java/lang/invoke/MemberName 1 1 750 7 1 7 1 100 1 9 12 1 1 10 7 12 1 1 1 9 12 1 1 10 12 1 1 10 12 1 1 10 12 1 1 10 12 1 10 12 1 1 10 7 12 1 1 1 10 12 1 9 100 12 1 1 10 12 1 100 1 100 1 10 12 1 8 1 10 12 1 1 10 12 1 10 12 1 1 10 12 1 9 12 1 1 8 1 10 100 12 1 1 1 7 1 10 10 12 1 1 100 1 100 1 10 12 1 1 9 12 1 1 100 1 8 1 10 12 1 10 12 1 10 12 1 10 12 1 10 12 1 1 10 12 1 10 12 1 10 12 1 1 10 12 1 1 10 12 1 8 1 8 1 8 1 10 100 12 1 1 1 10 12 1 9 12 1 1 3 10 12 1 10 12 1 10 12 1 10 10 7 12 1 1 1 10 12 1 10 12 1 10 12 1 10 12 1 7 1 8 10 12 1 1 10 12 1 1 8 1 9 100 1 8 9 100 1 10 12 1 1 8 1 10 12 1 1 10 12 1 10 12 1 10 12 1 10 12 1 1 100 1 10 12 1 1 10 12 1 8 1 10 12 1 10 12 1 8 1 10 12 1 1 10 12 1 1 100 1 10 12 1 1 10 12 8 1 8 1 100 1 10 12 1 10 100 12 1 1 1 100 1 10 12 10 12 1 10 12 1 10 12 1 10 12 1 10 10 12 1 10 12 1 10 12 1 3 10 12 1 3 10 12 1 3 3 3 3 3 3 100 1 10 12 1 10 7 12 1 1 1 10 12 1 3 9 12 1 10 12 1 1 3 10 12 1 10 10 7 12 1 1 1 10 12 1 1 10 7 1 10 10 12 1 10 12 1 10 12 1 10 10 12 1 1 10 12 1 10 12 1 10 12 1 100 1 10 10 10 12 100 1 10 10 10 12 1 1 10 12 1 1 10 10 12 1 8 10 100 1 10 12 1 10 100 1 10 12 1 10 12 1 10 12 1 10 10 12 1 10 12 1 1 10 12 1 1 10 12 1 10 12 1 10 12 1 100 1 10 12 1 1 100 1 8 1 10 7 1 10 12 1 10 12 10 12 1 1 10 12 1 10 12 1 8 1 8 1 8 1 8 1 10 12 1 10 12 1 10 12 1 1 8 1 8 1 10 12 1 8 1 10 10 12 1 10 12 1 8 1 8 1 10 10 12 1 8 1 10 100 12 1 1 1 8 1 10 12 1 10 12 1 1 10 12 1 8 1 8 1 8 1 8 1 100 1 10 8 1 8 1 8 1 8 1 10 12 1 100 1 100 1 100 1 10 100 1 10 100 1 10 100 12 1 1 1 9 7 12 1 1 1 10 12 1 100 1 100 1 1 1 1 1 1 1 3 1 3 1 3 1 3 1 3 1 3 1 1 1 1 1 1 1 1 3 1 1 1 1 3 1 1 1 1 1 1 1 1 1 1 1 1 1 1 1 1 1 1 1 1 1 1 1 1 1 1 1 1 1 1 1 1 1 1 1 1 1 1 1 1 1 1 1 1 1 1 1 1 1 1 1 1 1 1 1 1 1 1 1 1 1 1 1 1 1 1 1 1 1 1 1 1 1 1 1 1 1 1 1 1 1 1 1 1 1 1 1 1 1 1 1 1 1 1 1 1 1 1 1 1 1 1 1 1 1 100 1 1 1 1 1 1 1 1 1 1 1 1 1 1 1
staticfield java/lang/invoke/MemberName $assertionsDisabled Z 1
ciInstanceKlass java/lang/invoke/ResolvedMethodName 1 1 16 10 100 12 1 1 1 100 1 1 1 1 1 1 1 1
ciInstanceKlass java/lang/invoke/MethodHandleNatives 1 1 660 100 1 10 7 12 1 1 1 9 7 12 1 1 1 10 12 1 1 100 1 10 10 12 1 1 10 12 1 10 12 1 8 1 8 1 8 1 8 1 8 1 8 1 8 1 8 1 8 1 8 1 10 12 1 1 7 1 10 7 12 1 1 1 10 100 12 1 1 1 7 1 10 10 12 1 1 8 1 10 12 1 8 1 10 12 1 1 8 1 10 12 1 1 9 100 12 1 1 1 8 1 10 100 12 1 1 1 100 1 10 12 100 1 100 1 8 1 7 1 10 10 12 1 7 1 9 7 12 1 1 10 12 1 1 10 12 1 10 7 12 1 1 1 7 1 10 12 1 1 10 7 12 1 1 1 10 12 1 10 12 1 1 10 12 1 1 9 12 1 8 1 10 12 1 8 1 10 12 1 8 1 8 1 8 1 100 1 10 12 1 8 1 10 12 1 1 10 12 1 10 100 12 1 1 1 100 1 8 1 10 100 12 1 1 1 7 1 8 1 10 12 1 8 1 8 1 8 1 8 1 8 1 10 12 1 1 10 12 1 1 10 12 1 10 12 1 1 10 12 1 1 7 1 10 12 1 100 1 100 1 10 12 1 10 12 1 8 1 8 1 10 10 12 1 1 10 12 1 1 8 1 10 100 12 1 1 1 8 1 8 1 10 12 1 1 10 7 12 1 1 1 100 1 10 12 1 1 7 1 9 12 1 1 10 7 12 1 1 1 10 10 12 1 9 12 1 10 12 1 1 9 12 1 9 12 1 10 12 1 1 10 12 1 10 12 1 1 7 1 7 1 10 12 1 1 10 12 1 10 12 1 1 10 7 12 1 1 1 10 12 1 1 8 1 10 12 1 10 12 1 10 12 1 1 10 12 1 10 7 12 1 1 1 10 12 1 1 100 1 8 1 10 9 7 12 1 1 1 10 12 1 1 10 12 1 1 100 1 10 12 1 1 10 12 1 1 100 1 100 1 10 10 100 1 100 1 10 100 1 10 10 12 1 1 10 100 1 10 12 1 10 12 1 10 12 1 1 10 12 1 1 10 12 1 1 10 12 1 10 12 1 1 10 10 12 1 8 1 100 1 10 12 1 10 12 1 10 12 1 10 12 1 10 12 1 1 10 12 1 10 12 1 10 12 1 10 10 12 1 1 1 1 1 1 1 1 1 1 1 1 1 100 1 1 1 1 1 1 1 1 1 1 1 1 1 1 1 1 1 1 1 1 1 1 1 1 1 1 1 1 1 1 1 1 1 1 1 1 1 1 1 1 1 1 1 1 1 1 1 1 1 1 1 1 1 1 1 1 1 1 1 1 1 1 1 1 1 1 1 1 1 1 1 1 1 1 1 1 1 1 1 1 1 1 1 1 1 1 1 1 1 1 1 1 1 1 1 1 1 1 100 1 1 1 1 1 1 1 1 1 1 1 1 1 1 1 1 1 1 1 1 1 1 1 1 1 1 7 1 1 1 1 1 1 1 100 1 1 1
staticfield java/lang/invoke/MethodHandleNatives $assertionsDisabled Z 1
ciInstanceKlass java/lang/invoke/LambdaForm 1 1 1070 100 1 9 7 12 1 1 1 10 7 12 1 1 1 10 7 12 1 1 9 12 1 1 9 12 1 1 10 12 1 1 100 1 10 9 12 1 10 12 1 1 9 12 1 10 7 12 1 1 1 9 12 1 9 12 1 9 12 1 1 9 12 1 10 12 1 1 7 1 10 12 1 10 12 1 1 10 12 1 10 100 12 1 1 1 10 100 12 1 1 1 10 12 1 10 12 1 1 9 100 12 1 1 1 10 12 1 1 9 12 1 10 12 1 1 10 12 1 10 12 1 1 10 12 1 1 10 100 12 1 1 1 7 1 10 10 12 1 1 8 1 10 12 1 10 12 1 10 12 1 1 7 1 10 7 12 1 1 1 10 12 1 1 10 12 1 10 12 1 1 9 12 1 1 9 12 1 9 12 1 1 10 12 1 9 12 1 10 100 12 1 1 1 10 12 1 1 10 12 1 9 12 1 1 10 100 12 1 1 1 10 12 1 10 12 1 10 12 1 10 12 1 10 12 1 10 12 1 1 10 12 1 10 12 1 1 8 1 10 12 1 10 12 1 8 1 8 1 9 12 1 9 12 1 9 12 1 1 10 12 1 1 10 10 12 1 9 12 1 10 12 1 1 10 7 12 1 1 1 10 12 1 1 10 12 1 10 12 1 10 12 1 1 9 12 1 10 12 1 8 1 8 1 8 1 8 1 8 1 8 1 8 1 8 1 10 12 1 9 12 1 7 1 10 12 1 1 9 12 1 10 12 1 10 12 1 1 10 12 10 12 1 10 12 1 1 10 12 1 1 10 12 1 1 10 12 1 1 10 12 1 10 10 12 1 1 10 12 1 1 10 12 1 10 12 1 1 100 1 8 1 10 12 1 1 10 12 1 10 12 1 1 10 8 1 10 12 1 1 8 1 8 1 10 12 1 9 12 1 1 10 12 1 1 10 12 1 1 100 1 10 12 1 1 10 12 1 10 7 12 1 1 1 10 12 1 1 9 12 1 1 8 1 10 100 12 1 1 1 10 7 12 1 1 10 12 10 10 12 1 1 9 12 1 8 10 12 1 1 100 1 10 12 1 1 10 12 1 9 7 12 1 1 9 12 1 1 8 1 10 100 12 1 1 10 12 1 1 100 1 100 1 10 10 12 1 1 8 1 8 1 100 1 8 1 10 12 10 12 1 10 12 1 1 8 1 8 1 9 100 12 1 1 1 10 12 1 10 12 1 1 8 1 8 1 8 1 100 1 8 1 100 1 8 1 100 1 8 1 10 12 1 8 1 9 10 7 12 1 1 1 10 12 1 9 12 1 1 10 12 1 10 10 12 1 10 12 1 10 12 1 10 12 1 1 10 12 1 10 12 1 1 10 12 1 1 10 12 1 1 8 1 100 10 12 1 10 12 1 9 12 1 1 10 7 12 1 1 8 1 8 1 100 1 8 1 8 1 8 1 8 1 8 1 8 1 8 1 8 1 10 12 1 1 10 12 1 1 10 12 1 10 12 1 8 1 8 1 8 1 10 12 1 8 1 10 12 1 8 1 8 1 8 1 8 1 8 1 10 12 1 10 12 1 10 12 1 1 10 7 12 1 1 1 10 12 1 10 12 1 10 12 1 10 12 1 1 10 12 1 10 12 1 10 12 1 9 12 1 1 8 1 10 12 1 1 9 12 1 1 10 12 1 1 9 12 1 9 12 1 1 9 12 1 9 12 1 1 7 1 10 7 12 1 1 1 9 12 1 10 12 1 10 12 1 8 1 10 12 1 9 12 1 1 7 1 10 7 12 1 1 1 8 1 100 1 10 12 1 9 12 1 9 12 1 10 12 1 10 12 1 10 7 12 1 1 1 10 12 1 9 7 12 1 1 10 12 1 10 12 1 10 12 1 9 12 10 12 1 10 10 12 1 9 10 12 1 9 12 1 7 9 12 1 1 10 12 1 1 9 12 1 10 12 1 10 7 1 9 1 1 1 1 3 1 3 1 3 1 1 1 1 1 1 1 1 1 1 1 1 1 1 1 1 1 1 1 1 1 1 1 1 1 1 1 1 1 1 1 1 1 1 1 1 1 1 1 1 1 1 1 1 1 1 1 1 1 1 1 1 1 1 1 1 100 1 1 1 1 1 1 1 1 1 1 1 1 1 1 1 1 1 1 1 1 1 1 1 1 1 1 1 1 1 1 1 1 1 1 1 1 1 1 1 1 1 1 1 1 1 1 1 1 1 1 1 1 1 1 1 100 1 1 1 1 1 1 1 1 1 1 1 1 1 1 1 1 1 1 1 1 1 1 1 1 1 1 1 1 1 1 1 1 1 1 1 1 100 1 1 1 1 1 1 1 1 1 1 1 1 1 1 1 1 1 1 1 1 1 1 100 1 1 1 100 1 1 100 1 1 1 1 1 1 1 1 1 1 1
staticfield java/lang/invoke/LambdaForm COMPILE_THRESHOLD I 0
staticfield java/lang/invoke/LambdaForm INTERNED_ARGUMENTS [[Ljava/lang/invoke/LambdaForm$Name; 5 [[Ljava/lang/invoke/LambdaForm$Name;
staticfield java/lang/invoke/LambdaForm IMPL_NAMES Ljava/lang/invoke/MemberName$Factory; java/lang/invoke/MemberName$Factory
staticfield java/lang/invoke/LambdaForm LF_identity [Ljava/lang/invoke/LambdaForm; 6 [Ljava/lang/invoke/LambdaForm;
staticfield java/lang/invoke/LambdaForm LF_zero [Ljava/lang/invoke/LambdaForm; 6 [Ljava/lang/invoke/LambdaForm;
staticfield java/lang/invoke/LambdaForm NF_identity [Ljava/lang/invoke/LambdaForm$NamedFunction; 6 [Ljava/lang/invoke/LambdaForm$NamedFunction;
staticfield java/lang/invoke/LambdaForm NF_zero [Ljava/lang/invoke/LambdaForm$NamedFunction; 6 [Ljava/lang/invoke/LambdaForm$NamedFunction;
staticfield java/lang/invoke/LambdaForm createFormsLock Ljava/lang/Object; java/lang/Object
staticfield java/lang/invoke/LambdaForm DEBUG_NAME_COUNTERS Ljava/util/HashMap; null
staticfield java/lang/invoke/LambdaForm DEBUG_NAMES Ljava/util/HashMap; null
staticfield java/lang/invoke/LambdaForm TRACE_INTERPRETER Z 0
staticfield java/lang/invoke/LambdaForm $assertionsDisabled Z 1
ciInstanceKlass java/lang/invoke/MethodType 1 1 782 7 1 10 7 12 1 1 1 9 12 1 1 9 12 1 1 9 12 1 1 10 7 12 1 1 1 9 7 12 1 1 8 1 10 100 12 1 1 1 10 12 1 1 9 7 1 9 7 1 10 12 1 1 100 1 10 8 1 10 12 1 1 10 12 1 10 12 1 1 100 1 8 1 10 12 1 100 1 10 10 12 1 10 12 1 1 10 12 1 1 11 7 12 1 1 1 9 12 1 11 12 1 1 7 7 1 10 7 12 1 1 1 10 12 1 9 12 1 1 10 7 12 1 1 10 12 1 10 12 1 1 10 7 12 1 1 1 10 7 12 1 1 1 10 12 1 9 12 1 1 10 12 1 1 100 1 10 12 1 1 10 12 1 1 10 12 1 1 10 12 1 1 10 12 1 1 10 12 1 10 12 1 10 12 1 1 10 12 1 8 1 8 1 10 12 1 1 9 12 1 1 100 1 10 10 12 1 1 10 12 1 10 12 1 1 10 12 1 1 10 10 12 1 10 12 1 1 10 12 1 8 1 10 12 1 1 10 100 12 1 1 1 10 12 1 10 12 1 1 10 12 1 10 12 1 10 12 1 1 10 12 1 10 12 1 9 12 1 10 12 1 10 10 12 1 1 10 12 1 9 12 1 1 10 12 1 1 10 10 12 1 1 10 12 1 1 10 10 12 1 1 7 1 10 12 10 12 1 10 12 1 100 1 8 1 8 1 8 1 10 12 1 10 12 1 10 12 1 10 11 12 1 1 11 12 1 10 100 12 1 1 1 9 12 1 10 12 1 10 12 1 1 10 12 1 1 10 12 1 10 12 1 10 100 12 1 1 1 10 12 1 1 10 12 1 10 12 1 10 12 1 10 9 12 1 1 7 1 10 12 1 10 12 1 1 9 100 12 1 1 1 10 100 12 1 1 1 10 100 12 1 1 1 10 12 1 1 10 100 12 1 1 1 10 12 1 1 8 1 10 7 12 1 1 1 11 12 1 1 9 12 1 1 10 12 1 1 10 12 1 10 12 1 1 10 12 1 1 10 100 12 1 1 100 1 10 12 1 1 11 100 12 1 1 1 18 12 1 1 11 12 1 1 18 12 1 11 12 1 100 1 11 100 12 1 1 10 12 1 100 1 10 12 1 10 100 12 1 1 10 12 1 1 9 12 1 1 9 100 12 1 1 1 10 100 12 1 1 1 9 12 1 10 100 12 1 1 10 12 1 100 10 12 1 1 10 12 1 10 7 1 7 1 9 12 1 1 100 1 100 1 100 1 1 1 5 0 1 1 1 1 1 1 1 3 1 3 1 3 1 1 1 1 1 1 1 1 1 1 1 1 1 1 1 1 1 1 1 1 1 1 1 1 1 1 1 1 1 1 1 1 1 1 1 1 1 1 1 1 1 1 1 1 1 1 1 1 1 1 1 1 1 1 1 1 1 1 1 1 1 1 1 1 1 1 1 1 1 1 1 1 1 1 1 1 1 1 1 1 1 1 1 1 1 1 1 1 1 1 1 1 1 1 1 1 1 1 1 1 1 1 1 1 1 1 1 1 1 1 1 1 1 1 1 1 1 1 1 1 1 1 1 1 1 1 1 1 100 1 100 1 1 1 1 1 1 1 1 1 1 1 1 1 100 1 1 1 100 1 1 1 1 1 1 1 1 1 1 1 1 1 1 1 1 1 1 1 1 1 15 10 100 12 1 1 1 16 15 10 12 16 16 15 10 12 16 1 1 1 1 100 1 1 100 1 1 100 1 100 1 1
staticfield java/lang/invoke/MethodType internTable Ljava/lang/invoke/MethodType$ConcurrentWeakInternSet; java/lang/invoke/MethodType$ConcurrentWeakInternSet
staticfield java/lang/invoke/MethodType NO_PTYPES [Ljava/lang/Class; 0 [Ljava/lang/Class;
staticfield java/lang/invoke/MethodType objectOnlyTypes [Ljava/lang/invoke/MethodType; 20 [Ljava/lang/invoke/MethodType;
staticfield java/lang/invoke/MethodType METHOD_HANDLE_ARRAY [Ljava/lang/Class; 1 [Ljava/lang/Class;
staticfield java/lang/invoke/MethodType serialPersistentFields [Ljava/io/ObjectStreamField; 0 [Ljava/io/ObjectStreamField;
staticfield java/lang/invoke/MethodType $assertionsDisabled Z 1
ciInstanceKlass java/lang/BootstrapMethodError 0 0 45 10 100 12 1 1 1 10 12 1 10 12 1 10 100 12 1 1 1 10 100 12 1 1 1 1 1 1 5 0 1 1 1 1 1 1 1 1 1 1 1 100 1 1 1
instanceKlass java/lang/invoke/VolatileCallSite
instanceKlass java/lang/invoke/MutableCallSite
instanceKlass java/lang/invoke/ConstantCallSite
ciInstanceKlass java/lang/invoke/CallSite 1 1 302 10 7 12 1 1 1 10 7 12 1 1 1 9 7 12 1 1 1 10 12 1 1 9 12 1 1 10 7 12 1 1 1 10 12 1 100 1 10 12 1 1 10 12 1 1 9 100 12 1 1 1 10 100 12 1 1 10 12 1 1 100 1 100 1 10 10 100 12 1 1 1 10 12 1 1 8 1 10 12 1 10 12 1 1 10 12 1 10 12 1 1 10 12 1 1 10 10 100 12 1 1 10 12 1 1 9 12 1 9 100 12 1 1 1 8 1 10 7 12 1 1 1 10 12 1 1 100 1 10 12 1 1 9 12 1 8 1 100 1 10 12 1 10 12 1 100 1 8 1 10 10 12 1 10 12 1 1 100 1 10 12 1 1 10 12 1 10 12 1 10 12 1 1 10 12 1 1 9 12 1 1 8 10 12 1 1 9 12 1 1 100 1 10 10 12 1 10 100 12 1 1 1 10 12 1 1 10 12 1 1 10 12 1 10 7 12 1 1 1 100 1 8 1 10 10 12 10 12 1 1 100 1 100 1 100 1 8 1 10 12 1 10 7 12 1 1 1 1 1 1 1 1 1 1 1 1 1 1 1 1 1 1 1 1 1 1 1 1 1 1 1 1 1 1 1 1 1 1 1 1 1 1 1 1 1 1 1 1 1 1 1 1 1 1 1 1 1 1 1 1 1
staticfield java/lang/invoke/CallSite $assertionsDisabled Z 1
ciInstanceKlass java/lang/invoke/MethodHandleNatives$CallSiteContext 1 1 49 10 7 12 1 1 1 7 1 10 10 7 12 1 1 1 10 7 12 1 1 1 10 7 12 1 1 1 100 1 1 1 1 1 1 1 1 1 1 1 1 1 1 1 1 1 100 1 1
ciInstanceKlass java/lang/invoke/ConstantCallSite 1 1 65 10 7 12 1 1 1 9 7 12 1 1 1 9 12 1 1 10 7 12 1 1 1 10 12 1 100 1 10 12 9 12 1 1 100 1 10 10 12 1 1 10 12 1 1 1 1 1 1 1 1 1 1 1 1 1 100 1 1 1 1 1 1 1 1
staticfield java/lang/invoke/ConstantCallSite UNSAFE Ljdk/internal/misc/Unsafe; jdk/internal/misc/Unsafe
ciInstanceKlass java/lang/invoke/MutableCallSite 0 0 63 10 100 12 1 1 1 10 12 1 9 100 12 1 1 1 10 12 1 10 12 1 1 9 12 1 1 10 100 12 1 1 1 10 100 12 1 1 1 10 12 1 1 1 1 1 1 1 1 1 1 1 1 1 1 1 1 1 1 100 1 1 1
ciInstanceKlass java/lang/invoke/VolatileCallSite 0 0 37 10 100 12 1 1 1 10 12 1 10 100 12 1 1 1 10 12 1 10 12 1 1 1 1 1 1 1 1 1 1 1 1 1 1 1 1
ciInstanceKlass java/lang/AssertionStatusDirectives 1 1 24 10 100 12 1 1 1 100 1 1 1 1 1 1 1 1 1 1 1 1 1 1 1 1
instanceKlass java/lang/StringBuilder
instanceKlass java/lang/StringBuffer
ciInstanceKlass java/lang/AbstractStringBuilder 1 1 538 7 1 7 1 10 7 12 1 1 1 9 7 12 1 1 1 9 12 1 9 12 1 1 9 12 1 1 10 7 12 1 1 1 10 12 1 1 3 3 10 12 1 10 12 1 1 11 7 1 100 1 100 1 10 8 1 10 12 1 10 12 1 10 12 1 1 10 12 1 10 12 1 10 12 1 9 12 1 1 10 12 1 1 10 7 12 1 1 1 10 10 12 1 10 12 1 10 12 1 1 10 12 1 1 10 7 12 1 1 1 3 10 12 1 100 1 10 10 12 1 1 100 1 10 12 10 12 1 1 10 10 12 1 1 10 12 1 1 10 12 1 1 10 12 1 1 100 1 10 10 12 1 10 7 12 1 1 1 10 12 1 1 10 12 1 10 12 1 1 10 10 12 1 1 10 12 10 12 1 10 12 1 1 10 12 1 1 10 12 1 1 10 12 1 10 10 12 1 1 10 12 1 10 12 1 1 8 1 10 12 1 1 10 12 1 10 12 1 10 12 1 10 12 1 10 12 1 10 12 1 10 7 12 1 1 10 12 1 10 12 1 10 100 12 1 1 1 10 12 1 10 12 1 10 12 1 10 12 1 10 12 1 1 10 12 1 10 12 1 1 10 12 1 1 10 10 7 12 1 1 1 10 12 1 10 12 1 10 12 1 1 10 12 1 10 12 1 10 12 1 10 12 1 10 12 1 10 12 1 10 12 1 10 12 1 1 10 12 1 10 12 1 10 12 10 12 1 1 18 12 1 1 100 1 10 100 12 1 1 1 18 10 12 1 1 10 12 1 10 12 1 1 11 12 1 10 12 1 10 10 10 12 1 10 8 1 8 1 8 1 10 10 100 1 10 12 1 100 1 10 100 1 10 100 1 1 1 1 1 1 1 1 1 1 1 1 1 100 1 1 1 1 1 1 1 1 1 1 1 1 1 1 1 1 1 1 1 1 1 1 1 1 1 1 1 1 1 1 1 1 1 1 1 1 1 1 1 1 1 1 1 1 1 1 1 1 1 1 1 1 1 1 1 1 1 1 1 1 1 1 1 1 1 1 1 1 1 1 1 1 1 1 1 1 1 1 1 1 1 1 1 1 1 1 1 1 1 1 1 1 1 1 1 1 1 1 100 1 1 100 1 1 1 1 1 100 1 1 1 1 1 1 15 10 100 12 1 1 1 16 1 15 10 12 16 15 10 12 1 1 1 1 100 1 100 1 1
staticfield java/lang/AbstractStringBuilder EMPTYVALUE [B 0
ciInstanceKlass java/lang/StringBuffer 1 1 465 10 7 12 1 1 1 10 12 1 10 12 1 10 12 1 1 9 7 12 1 1 1 10 12 1 1 10 12 1 10 12 1 1 9 12 1 1 10 12 1 10 12 1 1 10 12 1 1 10 12 1 10 12 1 1 10 12 1 10 12 1 1 10 12 1 1 10 7 12 1 1 1 10 12 1 1 10 12 1 10 12 1 10 12 1 10 12 1 10 12 1 10 12 1 10 12 1 10 12 1 10 12 1 10 12 1 10 12 1 10 12 1 10 12 1 10 12 1 1 10 12 1 10 12 1 1 10 12 1 1 10 10 12 1 1 10 12 1 10 12 1 10 12 1 10 12 1 10 12 1 10 12 1 10 12 10 12 1 10 12 1 10 12 1 10 12 1 1 10 12 1 10 12 1 10 10 12 1 1 10 12 1 1 9 12 1 1 10 7 12 1 1 1 10 100 1 10 10 100 12 1 1 1 10 10 12 1 10 8 10 100 12 1 1 1 8 10 12 1 8 1 10 12 1 10 12 1 10 100 12 1 1 1 10 100 12 1 1 1 7 1 10 12 1 1 10 12 10 12 1 1 10 12 1 1 10 12 1 10 12 1 10 12 1 10 12 1 10 12 1 10 12 1 10 12 1 10 12 1 10 12 1 10 12 1 10 12 1 10 12 1 10 12 1 10 12 1 10 12 1 10 12 1 10 12 10 12 10 12 1 10 12 1 10 12 1 10 12 10 12 1 10 12 1 10 12 1 10 12 1 10 12 1 10 12 1 10 12 1 10 12 1 10 12 1 10 12 1 10 12 1 7 1 10 12 1 9 7 12 1 1 1 9 7 1 9 12 1 1 100 1 100 1 100 1 1 1 1 5 0 1 1 1 1 1 1 1 1 1 1 1 1 1 1 1 1 1 1 1 1 1 1 1 1 1 1 1 1 1 1 1 1 1 1 1 1 1 1 1 1 1 1 1 1 1 1 1 1 1 1 1 1 1 1 1 1 1 1 1 1 100 1 1 1 1 1 100 1 1 1 1 1 1 1 1 1 1 1 1 1 1 1 1 1
staticfield java/lang/StringBuffer serialPersistentFields [Ljava/io/ObjectStreamField; 3 [Ljava/io/ObjectStreamField;
ciInstanceKlass java/lang/StringBuilder 1 1 404 10 7 12 1 1 1 10 12 1 10 12 1 10 12 1 1 10 7 12 1 1 1 10 7 12 1 1 1 10 12 1 10 12 1 10 12 1 10 12 1 10 12 1 10 12 1 10 12 1 10 12 1 10 12 1 10 12 1 10 12 1 10 12 1 10 12 1 10 12 1 1 10 12 1 10 12 1 1 10 12 1 1 10 12 1 10 12 1 10 12 1 10 12 1 10 12 1 10 12 1 10 12 1 10 12 10 12 1 10 12 1 10 12 1 10 12 1 1 10 12 1 10 12 1 10 12 10 12 1 1 10 12 1 1 9 12 1 1 9 12 1 1 10 7 12 1 1 1 10 100 1 10 100 12 1 1 1 10 12 1 10 12 1 1 10 12 1 1 10 10 12 1 1 10 100 12 1 1 10 12 1 10 12 1 1 100 1 10 12 1 1 10 12 1 1 10 12 1 10 12 1 10 12 1 10 12 1 10 12 1 10 12 1 10 12 1 10 12 1 10 12 1 10 12 1 10 12 1 10 12 1 10 12 1 10 12 1 10 12 1 1 10 12 1 1 10 12 1 10 12 1 10 12 1 10 12 10 12 10 12 1 10 12 1 10 12 1 10 12 10 12 1 10 12 1 10 12 1 10 12 1 10 12 1 10 12 1 10 12 1 10 12 1 10 12 1 1 10 12 1 10 12 1 1 10 12 1 10 12 1 1 10 12 1 10 12 1 1 10 12 1 10 12 1 10 12 1 10 10 12 1 10 12 1 100 1 100 1 100 1 1 1 1 5 0 1 1 1 1 1 1 1 1 1 1 1 1 1 1 1 1 1 1 1 1 1 1 1 1 1 1 1 1 1 1 1 1 1 1 1 1 1 1 1 1 1 1 1 100 1 1 1 100 1 1 1 1 1 1 1 1 1 1
ciInstanceKlass jdk/internal/misc/UnsafeConstants 1 1 34 10 100 12 1 1 1 9 7 12 1 1 1 9 12 1 9 12 1 1 9 12 1 9 12 1 1 1 1 1 1 1 1 1
staticfield jdk/internal/misc/UnsafeConstants ADDRESS_SIZE0 I 8
staticfield jdk/internal/misc/UnsafeConstants PAGE_SIZE I 4096
staticfield jdk/internal/misc/UnsafeConstants BIG_ENDIAN Z 0
staticfield jdk/internal/misc/UnsafeConstants UNALIGNED_ACCESS Z 1
staticfield jdk/internal/misc/UnsafeConstants DATA_CACHE_LINE_FLUSH_SIZE I 0
ciInstanceKlass jdk/internal/misc/Unsafe 1 1 1276 10 7 12 1 1 1 9 7 12 1 1 1 9 12 1 1 10 12 1 1 10 7 12 1 1 1 10 12 1 1 10 12 1 1 10 12 1 1 10 12 1 1 10 12 1 1 10 12 1 1 10 12 1 1 10 12 1 1 10 12 1 1 10 12 1 1 10 12 1 1 10 12 1 1 10 12 1 1 10 12 1 10 12 1 100 1 10 10 12 1 1 10 12 1 1 5 0 10 12 1 1 10 12 1 1 10 7 12 1 1 1 10 12 1 1 10 12 1 10 12 1 10 12 1 1 10 12 1 10 12 1 1 100 1 10 10 12 1 10 12 1 1 10 12 1 10 12 1 1 10 12 1 1 10 12 1 10 12 1 10 12 1 10 12 1 1 10 12 1 10 12 1 10 12 1 1 10 12 1 5 0 5 0 5 0 10 12 1 10 12 1 10 12 1 10 12 1 10 12 1 10 12 1 10 12 1 10 12 1 10 12 1 1 10 12 1 10 12 1 100 1 8 1 10 12 1 100 1 10 10 12 1 1 10 12 1 1 10 12 1 10 12 1 1 10 12 1 1 10 12 1 10 12 1 1 10 12 1 9 7 12 1 1 9 12 1 100 1 10 10 12 1 1 10 12 1 10 12 1 1 8 1 10 8 1 8 1 10 12 1 1 9 7 12 1 1 1 9 100 1 9 7 1 9 7 1 9 9 100 1 9 100 1 9 100 1 10 12 1 1 10 12 1 1 10 12 1 1 10 12 1 1 5 0 5 0 9 12 1 1 10 12 1 10 12 1 10 12 1 1 10 12 1 1 10 12 1 8 1 3 10 12 1 1 10 12 1 1 10 12 1 10 12 1 1 10 12 1 1 10 12 1 10 12 1 10 12 1 10 12 1 10 12 1 10 12 1 1 10 12 1 1 10 12 1 10 12 1 10 12 1 10 12 1 10 12 1 10 12 1 1 10 12 1 1 10 12 1 10 12 1 10 12 1 10 12 1 10 12 1 10 12 1 1 10 12 1 1 10 12 1 1 10 12 1 1 10 12 1 10 12 1 10 12 1 10 12 1 10 12 1 10 12 1 10 12 1 1 10 12 1 1 10 12 1 10 12 1 10 12 1 10 12 1 10 12 1 10 12 1 10 12 1 1 10 12 1 1 10 12 1 10 12 1 10 12 1 10 12 1 10 12 1 10 12 1 10 12 1 10 12 1 1 10 12 1 10 12 1 10 12 1 10 12 1 10 12 1 1 10 12 1 10 12 1 10 12 1 10 12 1 10 12 1 10 12 1 10 12 1 10 12 1 1 10 12 1 10 12 1 10 12 1 10 12 1 10 12 1 10 12 1 1 10 12 1 10 12 1 10 12 1 1 10 12 1 10 12 1 10 12 1 10 12 1 10 12 1 10 12 1 10 12 1 10 12 1 10 12 1 10 12 1 10 12 1 10 12 1 10 12 1 10 12 1 10 12 1 10 12 1 10 12 1 10 12 1 10 12 1 10 12 1 10 12 1 10 12 1 100 1 10 100 1 10 9 12 1 5 0 10 12 1 1 5 0 10 12 1 5 0 10 12 1 10 12 1 10 12 1 1 10 12 1 1 10 12 1 10 12 1 10 12 1 10 12 1 1 10 12 1 10 12 1 10 12 1 10 12 1 10 12 1 1 10 12 1 10 12 1 10 12 1 10 12 1 1 10 12 1 10 12 1 10 12 1 1 10 12 1 10 12 1 10 12 1 10 12 1 1 10 12 1 10 10 12 1 1 10 12 1 10 12 1 1 10 12 1 10 12 5 0 5 0 5 0 10 12 1 1 10 12 1 10 12 1 10 12 10 100 12 1 1 8 1 100 1 11 12 1 1 8 1 11 12 1 1 10 100 12 1 1 10 12 1 10 12 1 10 12 1 10 12 1 10 12 1 1 10 12 1 10 12 1 10 12 1 10 12 1 10 12 1 10 12 1 10 7 1 10 12 1 9 12 1 7 1 9 12 1 7 1 9 12 1 7 1 9 12 1 7 1 9 12 1 7 1 9 12 1 7 1 9 12 1 7 1 9 12 1 7 1 9 12 1 10 12 1 9 12 1 9 12 1 9 12 1 9 12 1 9 12 1 9 12 1 9 12 1 9 12 1 9 12 1 9 12 1 1 1 3 1 1 1 1 1 1 1 1 1 1 1 1 1 1 1 1 1 1 1 1 1 1 1 1 1 1 1 1 1 1 1 1 1 1 1 1 1 1 1 1 1 1 1 1 1 1 1 1 1 1 1 1 1 1 1 1 1 1 1 1 1 1 1 1 1 1 1 1 1 1 1 1 1 1 1 1 1 1 1 1 1 1 1 1 1 1 1 1 1 1 1 1 1 1 100 1 1 1 1 1 1 1 1 1 1 1 1 1 1 1 1 1 1 1 1 1 1 1 1 1 1 1 1 1 1 1 1 1 1 1 1 1 1 1 1 1 1 1 1 1 1 1 1 1 1 1 1 1 1 1 1 1 1 1 1 1 1 1 1 1 1 1 1 1 1 1 1 1 1 1 1 1 1 1 1 1 1 1 1 1 1 1 1 1 1 1 1 1 1 1 1 1 1 1 1 1 1 1 1 1 1 1 1 1 1 1 1 1 1 1 1 1 1 1 1 1 1 1 1 1 1 1 1 1 1 1 1 1 1 1 1 1 1 1 1 1 1 1 1 1 1 1 1 1 1 1 1 1 1 1 1 1 1 1 1 1 1 1 1 1 1 1 1 1 1 1 1 1 1 1 1 1 1 1 1 1 1 1 1 1 1 1 1 1 1 1 1 1 1 1 1 1 1 1 1 1 1 1 1 1 1 1 3 1 1 1 1 1 1 1 1 1 1 1 1 1 1 1 1 1 1 1 1 1
staticfield jdk/internal/misc/Unsafe theUnsafe Ljdk/internal/misc/Unsafe; jdk/internal/misc/Unsafe
staticfield jdk/internal/misc/Unsafe ARRAY_BOOLEAN_BASE_OFFSET I 16
staticfield jdk/internal/misc/Unsafe ARRAY_BYTE_BASE_OFFSET I 16
staticfield jdk/internal/misc/Unsafe ARRAY_SHORT_BASE_OFFSET I 16
staticfield jdk/internal/misc/Unsafe ARRAY_CHAR_BASE_OFFSET I 16
staticfield jdk/internal/misc/Unsafe ARRAY_INT_BASE_OFFSET I 16
staticfield jdk/internal/misc/Unsafe ARRAY_LONG_BASE_OFFSET I 16
staticfield jdk/internal/misc/Unsafe ARRAY_FLOAT_BASE_OFFSET I 16
staticfield jdk/internal/misc/Unsafe ARRAY_DOUBLE_BASE_OFFSET I 16
staticfield jdk/internal/misc/Unsafe ARRAY_OBJECT_BASE_OFFSET I 16
staticfield jdk/internal/misc/Unsafe ARRAY_BOOLEAN_INDEX_SCALE I 1
staticfield jdk/internal/misc/Unsafe ARRAY_BYTE_INDEX_SCALE I 1
staticfield jdk/internal/misc/Unsafe ARRAY_SHORT_INDEX_SCALE I 2
staticfield jdk/internal/misc/Unsafe ARRAY_CHAR_INDEX_SCALE I 2
staticfield jdk/internal/misc/Unsafe ARRAY_INT_INDEX_SCALE I 4
staticfield jdk/internal/misc/Unsafe ARRAY_LONG_INDEX_SCALE I 8
staticfield jdk/internal/misc/Unsafe ARRAY_FLOAT_INDEX_SCALE I 4
staticfield jdk/internal/misc/Unsafe ARRAY_DOUBLE_INDEX_SCALE I 8
staticfield jdk/internal/misc/Unsafe ARRAY_OBJECT_INDEX_SCALE I 4
staticfield jdk/internal/misc/Unsafe ADDRESS_SIZE I 8
ciInstanceKlass jdk/internal/module/Modules 1 1 502 10 100 12 1 1 1 9 7 12 1 1 1 11 7 12 1 1 1 11 12 1 1 11 12 1 1 11 12 1 1 11 12 1 1 11 12 1 11 12 1 11 12 1 1 10 100 12 1 1 1 10 100 12 1 1 1 18 12 1 1 10 100 12 1 1 1 100 1 10 100 12 1 1 1 10 100 12 1 1 1 10 100 12 1 1 10 12 1 1 11 12 1 9 12 1 1 11 100 12 1 1 1 10 12 1 1 10 10 12 1 10 9 12 1 1 10 100 12 1 1 10 12 1 1 10 100 12 1 1 100 1 11 100 12 1 1 1 10 100 12 1 1 1 11 100 12 1 1 10 12 1 1 10 100 12 1 1 10 100 12 1 1 1 10 12 1 1 10 12 1 1 11 12 1 1 18 12 1 1 11 100 12 1 1 10 100 12 1 1 1 11 100 12 1 1 1 100 1 11 12 1 1 11 100 12 1 1 1 11 12 1 1 10 12 1 1 10 100 12 1 1 18 12 1 1 11 12 1 1 18 12 1 1 11 12 1 1 10 12 1 18 18 10 12 1 1 9 12 1 1 11 100 12 1 1 1 100 1 10 11 12 1 11 12 1 1 11 12 1 1 10 100 1 10 12 1 1 10 100 12 1 1 10 12 1 1 11 12 10 12 1 1 100 1 10 18 12 1 10 12 1 1 100 1 8 1 10 12 1 10 100 12 1 1 18 12 1 11 11 12 10 12 1 10 10 100 1 18 12 1 10 10 10 7 12 1 1 10 7 12 1 1 1 10 12 1 1 1 1 1 1 1 1 1 1 1 1 1 1 1 1 1 1 1 1 1 1 1 1 1 1 1 1 1 1 1 1 1 100 1 1 1 1 1 1 1 1 1 1 1 1 1 1 1 1 1 1 1 1 1 1 1 1 1 1 1 1 1 1 1 1 1 1 1 100 1 1 1 1 1 1 1 1 1 1 1 1 1 1 1 1 1 1 1 1 1 1 1 15 10 100 12 1 1 1 16 15 10 12 1 16 16 15 10 12 1 16 1 16 1 15 10 12 1 16 1 16 1 15 10 12 16 1 15 10 16 1 15 10 12 16 1 15 10 12 16 15 10 12 16 15 10 12 1 1 1 100 1 100 1 1
staticfield jdk/internal/module/Modules JLA Ljdk/internal/access/JavaLangAccess; java/lang/System$2
staticfield jdk/internal/module/Modules JLMA Ljdk/internal/access/JavaLangModuleAccess; java/lang/module/ModuleDescriptor$1
staticfield jdk/internal/module/Modules $assertionsDisabled Z 1
instanceKlass okio/RealBufferedSource$1
instanceKlass sun/net/www/http/ChunkedInputStream
instanceKlass java/io/ObjectInputStream
instanceKlass okio/Buffer$2
instanceKlass sun/nio/ch/NioSocketImpl$1
instanceKlass java/net/Socket$SocketInputStream
instanceKlass sun/security/ssl/SSLSocketImpl$AppInputStream
instanceKlass sun/nio/ch/ChannelInputStream
instanceKlass com/sun/org/apache/xerces/internal/impl/XMLEntityManager$RewindableInputStream
instanceKlass java/util/zip/ZipFile$ZipFileInputStream
instanceKlass java/io/FilterInputStream
instanceKlass java/io/FileInputStream
instanceKlass java/io/ByteArrayInputStream
ciInstanceKlass java/io/InputStream 1 1 180 100 1 10 7 12 1 1 1 100 1 10 10 7 12 1 1 1 10 7 12 1 1 1 10 12 1 100 1 3 10 12 1 1 100 1 8 1 10 12 1 10 7 12 1 1 1 3 100 1 8 1 10 100 1 10 11 100 12 1 1 1 10 100 12 1 1 1 11 12 1 1 11 100 12 1 1 1 11 12 1 1 100 1 10 100 12 1 1 1 5 0 10 12 1 10 12 1 1 100 1 10 8 1 10 8 1 8 1 10 12 1 1 10 100 12 1 1 1 100 1 1 1 1 3 1 3 1 1 1 1 1 1 1 1 1 1 1 1 1 1 1 1 1 1 1 1 1 1 1 1 1 1 1 1 1 1 1 1 1 1 1 1 1 1 1 1 1 1 1 1 1 1 1 1 1 1 1 1 1
instanceKlass sun/security/util/DerInputBuffer
ciInstanceKlass java/io/ByteArrayInputStream 1 1 96 10 7 12 1 1 1 9 7 12 1 1 1 9 12 1 1 9 12 1 9 12 1 10 7 12 1 1 1 10 7 12 1 1 1 10 7 12 1 1 1 10 100 12 1 1 1 10 12 1 1 10 100 12 1 1 1 1 1 1 1 1 1 1 1 1 1 1 1 1 1 1 1 1 1 1 1 1 1 1 1 100 1 1 1 1 1 1 1 1 1 1 1 1 1 1
ciInstanceKlass java/net/URL 1 1 735 10 7 12 1 1 1 10 12 1 10 7 12 1 1 9 12 1 1 9 12 1 10 100 12 1 1 1 10 12 1 1 10 12 1 1 9 12 1 1 10 7 12 1 1 1 8 1 10 12 1 1 100 1 10 10 12 1 1 8 1 10 12 1 1 9 12 1 100 1 8 1 10 12 1 10 12 1 8 1 9 12 1 10 12 1 1 9 12 1 10 12 1 10 12 1 9 12 1 9 12 1 8 1 9 12 1 10 12 1 1 8 1 9 12 1 1 10 12 1 1 10 7 12 1 1 1 8 1 10 12 1 7 1 10 12 1 10 12 1 10 12 1 10 12 1 1 10 12 1 1 8 1 10 12 1 1 10 12 1 8 1 9 12 1 8 1 10 12 1 10 7 12 1 1 1 100 1 10 12 1 10 12 1 1 10 7 12 1 1 1 100 1 8 1 10 10 12 1 8 1 10 12 1 1 10 12 1 10 12 1 10 12 1 10 12 1 10 12 1 8 1 10 12 1 10 10 7 12 1 1 1 10 12 1 9 100 12 1 1 1 10 100 12 1 1 1 9 12 1 1 10 12 1 10 12 1 10 12 1 10 12 1 10 12 1 10 12 10 10 10 12 1 100 1 10 12 1 10 12 1 1 8 1 9 100 12 1 1 1 10 100 12 1 1 1 10 12 1 1 9 100 12 1 1 1 10 12 1 1 100 1 10 12 1 10 12 1 10 10 12 1 1 10 12 1 1 10 100 12 1 1 10 12 1 10 12 1 10 7 12 1 1 1 10 12 1 1 10 12 1 9 12 1 1 9 12 1 1 100 1 8 1 10 10 12 1 9 12 1 1 10 7 12 1 1 8 1 10 7 12 1 1 8 1 10 12 1 1 10 12 1 8 1 8 1 10 7 12 1 1 1 100 1 10 100 12 1 1 1 10 12 1 10 12 1 7 1 10 9 12 1 1 10 7 12 1 1 8 1 10 12 1 1 7 1 10 10 7 12 1 1 1 8 9 7 12 1 1 1 10 12 1 10 12 1 10 12 1 10 12 1 10 7 12 1 1 11 7 12 1 1 10 12 1 10 12 1 9 12 1 10 12 1 1 10 100 12 1 1 10 100 12 1 1 1 8 10 100 12 1 1 100 1 10 8 8 10 12 1 8 8 8 10 12 1 100 1 10 12 1 9 12 1 1 10 12 1 10 12 1 1 10 12 1 10 12 10 12 1 1 10 12 1 1 10 10 10 12 1 10 12 1 10 12 1 10 12 1 10 12 1 10 10 12 1 100 1 8 1 10 10 10 12 1 1 10 12 1 10 12 1 1 8 1 7 1 10 10 10 7 1 10 12 1 9 7 12 1 1 1 9 12 1 1 7 1 10 10 7 12 1 1 1 100 1 1 1 1 1 5 0 1 1 1 1 1 1 1 1 1 1 1 1 1 1 1 1 1 1 1 1 1 1 1 1 1 1 1 1 1 1 1 1 1 1 1 1 1 1 1 100 1 1 1 1 1 1 1 1 1 1 1 1 1 1 1 1 1 1 1 1 1 1 1 1 1 1 1 1 1 1 1 1 1 1 1 1 1 100 1 1 1 1 1 1 1 1 1 1 1 1 1 1 1 1 100 1 1 1 1 1 1 1 1 1 1 1 1 1 1 1 1 1 1
staticfield java/net/URL defaultFactory Ljava/net/URLStreamHandlerFactory; java/net/URL$DefaultFactory
staticfield java/net/URL streamHandlerLock Ljava/lang/Object; java/lang/Object
staticfield java/net/URL serialPersistentFields [Ljava/io/ObjectStreamField; 7 [Ljava/io/ObjectStreamField;
ciInstanceKlass java/util/jar/Manifest 1 1 336 10 7 12 1 1 1 7 1 10 9 7 12 1 1 1 7 1 10 9 12 1 1 9 12 1 1 10 12 1 10 12 1 1 10 12 1 1 10 12 1 1 10 12 1 1 11 7 1 11 12 1 1 10 12 1 1 10 100 12 1 1 1 100 1 100 1 10 8 1 10 12 1 1 10 12 1 1 10 12 1 10 12 1 11 100 1 10 12 1 10 12 1 1 11 12 1 1 10 12 1 11 12 1 1 11 100 12 1 1 1 11 100 12 1 1 11 12 1 1 100 1 10 12 1 8 1 11 12 1 7 1 10 12 1 1 11 12 1 10 12 1 10 12 1 10 100 12 1 1 1 8 1 10 12 1 1 10 9 7 12 1 1 1 10 12 1 1 10 100 12 1 10 12 1 10 12 1 9 100 12 1 1 1 8 1 10 12 1 8 1 8 1 7 1 10 12 1 10 12 1 10 12 1 1 100 1 8 1 10 12 1 1 8 1 10 10 12 1 1 8 1 10 12 1 1 10 100 12 1 1 1 10 12 1 10 11 12 1 1 10 12 1 10 7 12 1 1 1 10 12 1 1 10 12 1 1 11 10 12 1 11 10 12 1 100 1 1 1 1 1 1 1 1 1 1 1 1 1 1 1 1 1 1 1 1 1 1 1 1 1 1 1 1 1 1 1 1 1 1 1 1 1 1 1 1 1 1 1 100 1 1 1 1 1 1 1 1 1 1 1 1 1 1 100 1 1 1 1 1 1 1 1 1 1 1
ciInstanceKlass jdk/internal/loader/ClassLoaders 1 1 143 10 100 12 1 1 1 9 7 12 1 1 1 9 12 1 1 9 12 1 1 7 1 11 100 12 1 1 1 100 1 11 12 1 1 11 12 1 1 10 100 12 1 1 1 10 100 12 1 1 1 100 1 100 1 10 7 12 1 1 1 9 12 1 1 8 1 10 7 12 1 1 1 7 1 10 12 1 1 7 1 10 12 1 10 12 1 7 1 10 12 1 8 1 10 7 12 1 1 8 1 8 1 7 1 10 12 1 1 1 1 1 1 1 1 1 1 1 1 1 1 1 1 1 1 100 1 1 1 1 1 1 1 1 1 1 1 1 1 1 1 1 1
staticfield jdk/internal/loader/ClassLoaders JLA Ljdk/internal/access/JavaLangAccess; java/lang/System$2
staticfield jdk/internal/loader/ClassLoaders BOOT_LOADER Ljdk/internal/loader/ClassLoaders$BootClassLoader; jdk/internal/loader/ClassLoaders$BootClassLoader
staticfield jdk/internal/loader/ClassLoaders PLATFORM_LOADER Ljdk/internal/loader/ClassLoaders$PlatformClassLoader; jdk/internal/loader/ClassLoaders$PlatformClassLoader
staticfield jdk/internal/loader/ClassLoaders APP_LOADER Ljdk/internal/loader/ClassLoaders$AppClassLoader; jdk/internal/loader/ClassLoaders$AppClassLoader
instanceKlass jdk/internal/loader/ClassLoaders$BootClassLoader
instanceKlass jdk/internal/loader/ClassLoaders$PlatformClassLoader
instanceKlass jdk/internal/loader/ClassLoaders$AppClassLoader
ciInstanceKlass jdk/internal/loader/BuiltinClassLoader 1 1 717 10 7 12 1 1 1 10 7 12 1 1 1 9 7 12 1 1 1 9 12 1 1 7 1 10 12 1 9 12 1 1 10 12 1 9 12 1 10 7 12 1 1 1 10 7 12 1 1 1 11 7 12 1 1 1 100 1 100 1 10 10 12 1 1 8 1 10 12 1 10 12 1 7 1 10 12 1 10 12 1 1 11 7 12 1 1 1 11 7 12 1 1 1 11 12 1 1 7 1 9 12 1 8 1 8 1 10 12 1 1 10 7 12 1 1 9 12 1 1 11 12 1 1 10 12 1 1 10 12 1 1 10 12 1 1 10 7 12 1 1 1 10 12 1 10 100 12 1 1 1 10 12 1 1 11 7 12 1 1 1 10 7 12 1 1 7 1 10 7 12 1 1 1 10 12 1 10 100 1 8 1 10 12 1 1 10 8 1 10 12 1 1 10 12 1 1 11 7 12 1 1 11 12 1 7 1 10 11 12 1 1 11 10 12 1 1 7 1 10 12 1 10 7 12 1 10 12 1 7 1 10 12 1 10 7 12 1 1 1 100 1 10 12 1 1 11 12 1 100 1 100 1 10 12 1 10 12 1 1 100 1 100 1 10 12 1 10 7 12 1 1 18 12 1 1 10 12 1 10 12 1 1 18 100 1 10 7 12 1 1 1 7 1 10 10 12 1 1 10 12 1 1 10 12 1 1 10 12 1 9 12 1 1 100 1 10 10 12 1 1 10 12 1 1 10 12 1 10 12 10 12 1 1 10 12 1 1 10 12 1 1 10 12 1 10 12 1 1 18 12 1 7 1 10 12 1 1 10 12 1 10 12 1 1 10 12 1 100 1 10 12 1 7 1 10 12 1 10 7 12 1 1 1 10 12 1 11 12 1 7 1 10 12 1 7 1 100 1 10 12 1 10 12 1 11 12 1 1 10 12 1 1 10 12 1 1 10 12 1 1 10 12 1 1 10 12 1 10 12 1 10 12 1 10 12 1 8 1 10 12 1 1 10 7 12 1 1 10 12 1 100 1 8 1 8 1 10 10 12 1 8 1 8 1 10 7 12 1 1 1 11 7 12 1 1 1 9 7 12 1 1 1 10 7 12 1 1 1 9 12 1 9 12 1 9 12 1 9 12 1 9 12 1 9 12 1 10 7 12 1 1 1 8 1 10 12 1 7 1 10 12 1 1 10 12 1 7 1 10 11 12 1 1 10 12 10 12 1 10 12 1 100 1 10 12 1 10 12 1 10 10 12 1 10 7 12 1 1 8 1 1 1 1 1 1 1 1 1 1 1 1 1 1 1 1 1 1 1 1 1 1 1 1 1 1 1 1 1 1 1 1 1 1 1 1 1 1 1 1 1 1 1 1 1 1 1 1 100 1 1 1 1 1 1 1 1 1 1 1 1 1 1 1 1 1 1 100 1 100 1 1 1 1 1 1 1 1 1 1 1 1 1 1 1 1 1 1 1 1 1 1 1 1 1 1 1 1 1 1 1 1 1 1 1 1 1 1 1 1 1 1 1 1 1 1 1 1 1 1 100 1 1 15 10 100 12 1 1 1 16 15 10 12 16 15 10 12 16 15 10 12 16 1 1 1 100 1 1 1 1 1 100 1 100 1 1
staticfield jdk/internal/loader/BuiltinClassLoader packageToModule Ljava/util/Map; java/util/concurrent/ConcurrentHashMap
staticfield jdk/internal/loader/BuiltinClassLoader $assertionsDisabled Z 1
ciInstanceKlass jdk/internal/loader/ClassLoaders$AppClassLoader 1 1 134 8 1 10 7 12 1 1 1 9 7 12 1 1 1 10 7 12 1 1 1 10 100 12 1 1 1 10 12 1 1 10 100 12 1 1 1 10 12 1 1 10 12 1 1 7 1 8 1 10 12 10 7 12 1 1 1 10 100 12 1 1 9 100 12 1 1 1 11 100 12 1 1 1 10 12 1 1 10 7 12 1 1 1 100 1 10 12 1 1 1 1 1 1 1 1 1 1 1 1 1 1 1 1 1 1 1 100 1 1 1 1 1 1 1 1 1 1 1 1 1 1 1 1 1 1 1 1 1 1 1 100 1 1
ciInstanceKlass jdk/internal/loader/ClassLoaders$PlatformClassLoader 1 1 57 8 1 10 7 12 1 1 1 9 100 12 1 1 1 11 100 12 1 1 1 10 7 12 1 1 1 100 1 10 12 1 100 1 1 1 1 1 1 1 1 1 1 1 1 1 1 1 1 1 1 1 1 1 100 1 1
ciInstanceKlass java/security/CodeSource 1 1 395 10 7 12 1 1 1 9 7 12 1 1 1 9 12 1 1 9 12 1 1 9 12 1 1 10 7 12 1 1 1 9 12 1 1 10 100 12 1 1 10 100 10 100 12 1 1 1 10 12 1 1 10 12 1 1 10 100 1 10 10 100 12 1 1 1 10 100 12 1 1 1 10 12 1 1 10 12 1 100 1 10 12 1 1 10 10 10 12 1 1 10 10 12 1 1 10 10 10 12 1 1 10 100 12 1 1 1 10 12 1 10 12 1 10 12 1 8 1 10 12 1 10 12 1 10 12 1 1 10 12 1 8 1 10 12 1 1 10 100 1 10 10 12 1 1 8 1 10 12 1 10 12 1 10 12 1 8 1 8 1 9 12 1 1 100 1 8 1 10 12 1 10 12 1 1 8 1 10 12 1 8 1 8 1 8 1 10 100 12 1 1 10 12 1 1 10 12 1 10 12 1 1 10 12 1 1 10 12 1 1 100 1 100 1 10 12 1 10 12 10 12 1 1 10 100 12 1 1 10 12 1 100 1 10 12 10 8 1 10 12 1 10 12 1 10 12 1 1 100 1 10 12 1 1 100 1 100 1 8 1 8 1 10 10 12 1 1 10 100 12 1 1 1 100 1 10 12 10 12 1 1 11 100 12 1 1 10 10 12 1 11 10 12 1 10 8 1 100 1 10 12 1 10 12 1 1 10 12 1 11 12 1 1 11 100 1 1 1 1 5 0 1 1 1 1 1 1 1 1 1 1 1 1 1 1 1 1 1 1 1 1 1 1 1 1 1 1 1 1 1 1 1 1 1 1 1 1 1 1 1 1 1 1 1 1 1 1 1 1 1 1 1 1 1 1 1 1 1 1 1 1 1 1 1 1 1 100 1 1 1 1 1 1 1
ciInstanceKlass java/lang/StackTraceElement 1 1 224 10 7 12 1 1 1 10 7 12 1 1 9 12 1 1 9 12 1 1 9 12 1 9 12 1 8 1 10 100 12 1 1 1 7 1 9 12 1 8 1 9 12 1 9 12 1 9 12 1 1 8 1 10 12 1 1 10 12 1 7 1 10 10 12 1 1 8 1 10 12 1 1 10 12 1 8 1 8 1 8 1 10 12 1 8 1 8 1 10 12 1 8 1 8 1 10 12 1 1 10 12 1 10 12 1 1 10 12 1 9 12 1 1 10 7 12 1 1 1 10 12 1 1 7 1 10 12 1 1 10 7 12 1 1 10 7 12 1 1 1 10 7 12 1 1 10 7 12 1 1 10 10 12 1 1 10 12 1 10 12 1 1 100 1 1 1 1 1 3 1 3 1 1 5 0 1 1 1 1 1 1 1 1 1 1 1 1 1 1 1 1 1 1 1 1 1 1 1 1 1 1 100 1 100 1 1 1 1 1 1 1 1 1 1 100 1 1 1 1 1 1 1 1
instanceKlass java/nio/IntBuffer
instanceKlass java/nio/CharBuffer
instanceKlass java/nio/LongBuffer
instanceKlass java/nio/ByteBuffer
ciInstanceKlass java/nio/Buffer 1 1 204 100 1 10 7 12 1 1 1 9 7 12 1 1 1 9 12 1 9 12 1 1 9 12 1 9 12 1 1 10 12 1 1 10 12 1 1 10 12 100 1 100 1 10 8 1 10 12 1 1 10 12 1 8 1 8 1 10 12 1 1 10 12 1 8 1 9 12 1 1 100 1 8 1 10 12 1 8 1 8 1 9 12 10 12 1 8 1 8 1 8 1 10 12 1 8 1 8 1 8 1 100 1 10 100 1 10 100 1 10 100 1 10 11 100 12 1 1 10 7 12 1 1 1 10 7 12 1 1 1 9 12 1 1 7 1 10 10 7 12 1 1 1 1 1 3 1 1 1 1 1 1 1 1 1 1 1 1 1 1 1 1 1 1 100 1 1 1 1 1 1 1 1 1 1 1 1 1 1 1 1 1 1 1 1 1 1 1 1 1 1 1 1 1 1 1 1 1 1 1 1 1 1 1
staticfield java/nio/Buffer UNSAFE Ljdk/internal/misc/Unsafe; jdk/internal/misc/Unsafe
staticfield java/nio/Buffer $assertionsDisabled Z 1
ciInstanceKlass java/lang/StackWalker 1 1 235 9 7 12 1 1 1 10 7 12 1 1 1 7 1 10 7 12 1 1 1 10 12 1 1 11 7 12 1 1 1 10 12 1 1 10 12 1 1 10 12 1 1 100 1 8 1 10 12 1 10 12 1 10 12 1 10 7 12 1 1 9 12 1 1 9 12 1 1 9 12 1 1 9 12 1 1 10 12 1 1 9 12 1 1 10 7 12 1 1 1 11 12 1 1 100 1 8 1 10 10 100 12 1 1 9 12 1 1 10 12 1 1 10 7 12 1 1 1 10 7 12 1 1 1 18 12 1 1 100 1 8 1 10 10 12 1 1 10 100 12 1 1 1 9 7 12 1 1 11 100 12 1 1 1 10 12 1 1 1 1 1 1 1 1 1 1 1 1 1 1 1 1 1 1 1 1 1 1 1 1 1 1 1 1 1 1 1 1 1 1 1 1 1 1 1 1 1 1 1 1 1 1 1 1 1 1 1 100 1 1 15 10 100 12 1 1 1 16 15 10 12 16 1 1 1 1 1 1 1 100 1 100 1 1
staticfield java/lang/StackWalker DEFAULT_EMPTY_OPTION Ljava/util/EnumSet; java/util/RegularEnumSet
staticfield java/lang/StackWalker DEFAULT_WALKER Ljava/lang/StackWalker; java/lang/StackWalker
instanceKlass java/lang/StackStreamFactory$StackFrameTraverser
ciInstanceKlass java/lang/StackStreamFactory$AbstractStackWalker 1 1 306 7 1 100 1 3 10 7 12 1 1 1 10 7 12 1 1 10 7 12 1 1 1 9 12 1 1 10 12 1 1 9 12 1 1 9 12 1 1 9 12 1 1 9 12 1 9 7 12 1 1 1 10 7 12 1 1 1 10 12 1 1 9 12 1 1 10 7 12 1 1 1 10 12 1 1 9 12 1 1 9 100 12 1 1 1 100 1 10 8 1 10 12 1 1 10 12 1 8 1 10 12 1 1 10 100 12 1 1 1 100 1 8 1 10 12 1 8 1 10 12 9 7 12 1 1 1 10 7 12 1 1 9 12 1 8 1 5 0 8 1 8 1 9 12 1 1 10 12 1 1 10 12 1 1 10 12 1 9 12 1 10 12 1 10 12 1 10 12 1 10 12 1 1 10 12 1 10 12 1 1 8 1 10 12 1 10 12 1 10 12 1 10 12 1 1 8 1 10 12 1 1 10 12 1 1 10 12 1 1 10 12 1 10 12 1 10 7 12 1 1 1 9 12 1 8 1 10 12 1 10 12 1 10 12 1 10 12 1 10 12 1 10 12 1 10 12 1 1 10 12 1 1 10 12 1 1 10 12 1 8 1 1 1 1 1 1 1 1 1 1 1 1 1 1 1 1 1 1 100 1 1 1 1 100 1 1 1 1 1 1 1 1 1 1 1 1 1 1 1 1 1 1 1 1 1
instanceKlass java/lang/LiveStackFrameInfo
ciInstanceKlass java/lang/StackFrameInfo 1 1 132 10 7 12 1 1 1 9 7 12 1 1 1 9 7 1 9 12 1 1 11 7 12 1 1 1 9 12 1 1 11 12 1 1 10 12 1 1 10 7 12 1 1 1 10 12 1 11 12 1 11 12 1 1 11 12 1 10 12 1 1 9 12 1 1 10 12 1 1 10 100 12 1 1 10 12 1 1 11 12 1 1 10 12 1 9 12 1 1 10 12 1 1 100 1 8 1 10 12 1 10 7 12 1 1 1 100 1 1 1 1 1 1 1 1 1 1 1 1 1 1 1 1 1 1 100 1 1 1 1 1 1
staticfield java/lang/StackFrameInfo JLIA Ljdk/internal/access/JavaLangInvokeAccess; java/lang/invoke/MethodHandleImpl$1
ciInstanceKlass java/lang/LiveStackFrameInfo 0 0 97 10 100 12 1 1 1 9 100 12 1 1 1 9 12 1 9 12 1 9 12 1 9 12 1 1 100 1 10 12 1 1 10 12 1 8 1 10 12 1 1 8 1 8 1 8 1 10 100 1 10 12 1 100 1 10 12 1 100 1 100 1 1 1 3 1 3 1 1 1 1 1 1 1 1 1 1 1 1 1 1 1 1 1 1 1 1 1 1 1 1 1 1 1 100 1 1
instanceKlass java/util/concurrent/locks/AbstractQueuedSynchronizer
ciInstanceKlass java/util/concurrent/locks/AbstractOwnableSynchronizer 1 1 32 10 7 12 1 1 1 9 7 12 1 1 1 100 1 1 1 1 5 0 1 1 1 1 1 1 1 1 1 1 1 1
ciInstanceKlass java/lang/Boolean 1 1 128 10 7 12 1 1 1 9 7 12 1 1 1 10 12 1 1 10 12 1 8 1 10 7 12 1 1 9 12 1 1 9 12 1 8 1 10 12 1 1 10 12 1 1 10 7 12 1 1 1 100 1 100 1 10 12 1 1 10 12 1 1 8 1 10 7 12 1 1 1 9 12 1 1 100 1 100 1 1 1 1 1 1 5 0 1 1 1 1 1 1 1 1 1 1 1 1 1 1 1 1 1 1 1 1 1 1 1 1 1 1 1 1 1 100 1 1 1 1 1 1 1 1 1 1 1 1 1
staticfield java/lang/Boolean TRUE Ljava/lang/Boolean; java/lang/Boolean
staticfield java/lang/Boolean FALSE Ljava/lang/Boolean; java/lang/Boolean
staticfield java/lang/Boolean TYPE Ljava/lang/Class; java/lang/Class
ciInstanceKlass java/lang/Character 1 1 554 7 1 100 1 10 7 12 1 1 1 9 12 1 1 9 7 12 1 1 1 10 12 1 10 12 1 1 10 12 1 1 10 100 12 1 1 1 10 12 1 10 12 1 1 3 3 3 3 3 10 12 1 1 10 12 1 3 11 7 12 1 1 1 11 12 1 1 10 12 1 1 10 12 1 1 100 1 10 10 12 1 3 10 12 1 1 10 12 1 10 12 1 1 100 1 8 1 10 100 12 1 1 10 12 1 1 10 12 1 10 12 1 10 12 1 10 12 1 10 12 1 1 10 12 1 10 7 12 1 1 1 10 10 12 1 10 12 1 10 10 12 1 10 12 1 10 12 1 1 10 12 1 10 10 12 1 10 12 1 10 12 1 10 12 1 10 12 1 10 12 1 10 12 1 10 12 10 10 12 10 10 12 1 10 10 12 1 10 10 12 1 10 10 12 1 10 10 12 1 10 10 12 1 10 10 12 1 1 10 10 12 1 10 5 0 10 12 1 10 12 1 10 10 12 1 10 10 12 1 1 10 10 12 1 10 10 12 1 9 12 1 1 100 1 10 10 12 1 10 12 1 1 3 10 100 12 1 1 1 10 12 1 10 100 12 1 1 100 1 10 10 12 1 1 10 12 1 1 10 12 1 1 8 1 10 12 1 9 100 12 1 1 1 10 12 1 10 10 12 1 10 12 1 1 10 12 1 10 10 12 1 1 10 10 12 1 1 100 1 8 1 10 12 1 1 10 7 12 1 1 1 8 1 10 12 1 1 9 12 1 1 100 1 100 1 1 1 1 3 1 3 1 3 1 3 1 1 1 1 1 3 1 1 3 1 3 1 3 1 3 1 3 1 3 1 3 1 3 1 3 1 3 1 3 1 3 1 3 1 3 1 3 1 3 1 3 1 3 1 3 1 3 1 3 1 3 1 3 1 3 1 3 1 3 1 3 1 3 1 1 1 1 1 1 1 1 1 1 1 1 1 1 1 1 1 1 1 3 1 1 1 1 1 1 1 3 1 1 3 1 1 1 1 1 3 1 1 5 0 1 1 1 1 1 1 1 1 1 1 1 1 1 1 1 1 1 1 1 1 1 1 1 1 1 1 1 1 1 1 1 1 1 1 1 1 1 1 1 1 1 1 1 1 1 1 1 1 1 1 1 1 1 1 1 1 1 1 1 1 1 1 1 1 1 1 1 1 1 1 1 1 1 1 1 1 1 1 1 1 1 1 1 1 1 100 1 100 1 1 1 1 1 1
staticfield java/lang/Character TYPE Ljava/lang/Class; java/lang/Class
staticfield java/lang/Character $assertionsDisabled Z 1
instanceKlass java/math/BigDecimal
instanceKlass java/util/concurrent/atomic/Striped64
instanceKlass java/math/BigInteger
instanceKlass java/util/concurrent/atomic/AtomicLong
instanceKlass java/util/concurrent/atomic/AtomicInteger
instanceKlass java/lang/Long
instanceKlass java/lang/Integer
instanceKlass java/lang/Short
instanceKlass java/lang/Byte
instanceKlass java/lang/Double
instanceKlass java/lang/Float
ciInstanceKlass java/lang/Number 1 1 37 10 7 12 1 1 1 10 100 12 1 1 1 100 1 1 1 1 5 0 1 1 1 1 1 1 1 1 1 1 1 1 1 1 1 1 1
ciInstanceKlass java/lang/Float 1 1 220 7 1 100 1 10 100 12 1 1 1 10 100 12 1 1 1 4 100 1 10 12 1 1 10 12 1 1 8 1 8 1 10 100 12 1 1 1 10 12 1 1 10 12 1 1 10 4 4 4 10 7 12 1 1 9 12 1 1 10 12 1 1 10 12 1 10 12 1 10 12 1 1 10 12 1 10 12 1 3 10 12 1 1 10 12 1 1 10 12 1 10 100 12 1 1 1 10 12 1 1 10 12 1 1 8 1 10 7 12 1 1 1 9 12 1 1 100 1 100 1 100 1 1 1 1 1 4 1 1 1 4 1 1 3 1 3 1 3 1 3 1 1 1 1 5 0 1 1 1 1 1 1 1 1 1 1 100 1 1 1 1 1 1 1 1 1 1 1 1 1 1 1 1 1 1 1 1 1 1 1 1 1 1 1 1 1 1 1 1 1 1 1 1 1 1 1 1 1 1 1 1 1 1 1 1 1 1 100 1 1 1 1 1 1 100 1 100 1 1
staticfield java/lang/Float TYPE Ljava/lang/Class; java/lang/Class
ciInstanceKlass java/lang/Double 1 1 282 7 1 100 1 10 7 12 1 1 1 10 12 1 1 10 12 1 100 1 10 12 1 1 10 100 12 1 1 1 6 0 8 1 10 12 1 1 8 1 10 12 1 1 8 1 6 0 10 12 1 1 100 1 5 0 5 0 8 1 8 1 10 100 12 1 1 1 10 100 12 1 1 1 8 1 10 12 1 1 8 1 8 1 8 1 10 12 1 1 10 12 1 10 12 1 1 10 12 1 10 12 1 10 12 1 1 10 12 1 10 6 0 6 0 6 0 10 7 12 1 1 9 12 1 1 10 12 1 10 12 1 10 12 1 10 12 1 5 0 10 12 1 1 10 12 1 10 12 1 10 100 12 1 1 1 10 12 1 1 10 12 1 1 8 1 10 7 12 1 1 1 9 12 1 1 100 1 100 1 100 1 1 1 1 1 6 0 1 1 1 6 0 1 1 3 1 3 1 3 1 3 1 1 1 1 5 0 1 1 1 1 1 1 1 1 1 1 1 1 1 1 1 1 100 1 1 1 1 1 1 1 1 1 1 1 1 1 1 1 1 1 1 1 1 1 1 1 1 1 1 1 1 1 1 1 1 1 1 1 1 1 1 1 1 1 1 1 1 1 100 1 1 1 1 1 1 100 1 100 1 1
staticfield java/lang/Double TYPE Ljava/lang/Class; java/lang/Class
ciInstanceKlass java/lang/Byte 1 1 178 7 1 10 100 12 1 1 1 9 7 12 1 1 1 10 12 1 1 100 1 100 1 10 12 1 1 8 1 10 12 1 1 8 1 10 12 1 10 12 1 10 12 1 10 12 1 1 10 12 1 1 10 12 1 10 12 1 1 10 12 1 1 8 1 8 1 10 7 1 9 12 1 1 10 12 1 10 12 1 1 10 12 1 1 10 12 1 1 10 12 1 5 0 10 12 1 1 8 1 10 7 12 1 1 1 9 12 1 1 100 1 1 1 3 1 3 1 1 1 1 3 1 3 1 1 5 0 1 1 1 1 1 1 1 1 1 1 1 1 1 1 1 1 1 1 1 1 1 1 1 1 1 1 1 1 1 1 1 1 1 1 1 1 1 1 1 1 1 1 1 1 1 1 1 1 1 1
staticfield java/lang/Byte TYPE Ljava/lang/Class; java/lang/Class
ciInstanceKlass java/lang/Short 1 1 186 7 1 100 1 10 100 12 1 1 1 10 12 1 1 100 1 100 1 10 12 1 1 8 1 10 12 1 1 8 1 10 12 1 10 12 1 10 12 1 10 12 1 1 10 12 1 1 10 12 1 9 100 12 1 1 1 10 12 1 10 12 1 1 10 12 1 1 8 1 8 1 10 100 1 9 12 1 1 10 12 1 10 12 1 1 10 12 1 1 10 12 1 1 10 12 1 3 3 5 0 10 12 1 1 8 1 10 7 12 1 1 1 9 12 1 1 100 1 1 1 3 1 3 1 1 1 1 3 1 3 1 1 5 0 1 1 1 1 1 1 1 1 1 1 1 1 1 1 1 1 1 1 1 1 1 1 1 1 1 1 1 1 1 1 1 1 1 1 1 1 1 1 1 1 1 1 1 1 1 1 1 1 1 1 1
staticfield java/lang/Short TYPE Ljava/lang/Class; java/lang/Class
ciInstanceKlass java/lang/Integer 1 1 442 7 1 100 1 7 1 7 1 10 12 1 1 9 12 1 1 9 12 1 1 10 100 12 1 1 1 10 12 1 1 10 100 12 1 1 1 10 10 12 1 1 10 100 12 1 1 1 10 12 1 10 12 1 1 10 7 12 1 1 1 10 12 1 1 10 12 1 1 10 12 1 10 12 1 10 12 1 1 10 10 12 1 9 12 1 1 9 12 1 100 1 8 1 10 12 1 100 1 10 12 1 8 1 10 12 1 1 10 12 1 8 1 10 12 1 8 1 10 12 1 1 3 10 12 1 1 3 10 12 1 1 10 12 1 1 10 7 12 1 1 1 11 7 1 100 1 10 11 10 12 1 1 8 1 10 12 1 1 8 1 100 1 10 12 1 1 10 12 1 1 5 0 8 1 10 12 1 10 12 1 10 12 1 10 12 1 1 7 1 9 12 1 1 9 12 1 1 10 12 1 10 7 1 9 12 1 10 12 1 10 12 1 10 12 1 1 10 7 12 1 1 1 100 1 100 1 10 12 1 1 10 12 1 1 8 1 8 1 10 12 1 1 8 1 8 1 8 1 8 1 8 1 8 1 10 12 1 10 12 1 10 12 1 5 0 3 3 3 3 10 12 1 3 10 12 1 10 100 12 1 1 1 10 12 1 1 10 12 1 1 8 1 10 7 12 1 1 1 9 12 1 1 3 3 3 3 3 3 9 12 1 1 100 1 100 1 100 1 1 1 1 1 1 1 3 1 3 1 1 5 0 1 1 1 1 1 1 1 1 1 100 1 1 1 1 1 1 1 1 1 1 1 1 1 1 1 1 1 1 1 1 1 1 1 1 1 1 1 1 1 1 1 1 1 1 1 1 1 1 1 1 1 1 1 1 1 1 1 1 1 1 1 1 1 1 100 1 1 1 1 1 1 1 1 1 1 1 1 1 1 1 1 1 1 1 1 1 1 1 1 1 1 1 1 1 1 1 100 1 1 1 1 1 1 1 1 100 1 100 1 1
staticfield java/lang/Integer TYPE Ljava/lang/Class; java/lang/Class
staticfield java/lang/Integer digits [C 36
staticfield java/lang/Integer DigitTens [B 100
staticfield java/lang/Integer DigitOnes [B 100
staticfield java/lang/Integer sizeTable [I 10
ciInstanceKlass java/lang/Long 1 1 510 7 1 100 1 7 1 7 1 10 12 1 1 9 12 1 1 9 7 12 1 1 1 10 100 12 1 1 1 10 12 1 1 10 100 12 1 1 1 10 10 12 10 12 1 10 12 1 10 12 1 5 0 5 0 100 1 10 12 1 1 10 12 1 1 10 12 1 10 12 1 10 12 1 10 12 1 1 10 100 12 1 1 10 12 1 10 12 1 1 10 12 1 1 10 12 1 1 10 12 1 1 10 7 12 1 1 1 10 12 1 1 10 12 1 10 12 1 10 12 1 10 12 1 1 10 10 12 1 5 0 5 0 9 12 1 1 9 12 1 5 0 100 1 8 1 10 12 1 8 1 10 12 1 8 1 8 1 10 12 1 1 5 0 10 12 1 1 5 0 10 12 1 1 10 12 1 1 10 100 12 1 1 1 11 100 1 100 1 10 11 10 12 1 1 8 1 10 12 1 1 8 1 100 1 10 12 1 1 10 12 1 8 1 8 1 11 12 1 1 10 12 1 10 12 1 10 12 1 5 0 5 0 9 7 12 1 1 1 10 12 1 10 12 1 1 8 1 8 1 10 12 1 1 8 1 8 1 8 1 8 1 8 1 8 1 10 12 1 10 12 1 10 12 1 1 10 7 1 9 12 1 1 10 12 1 10 12 1 1 10 100 12 1 1 1 100 1 100 1 10 12 1 1 10 12 1 1 10 12 1 10 12 1 10 10 12 1 10 12 1 10 12 1 5 0 5 0 5 0 10 12 1 1 5 0 5 0 10 12 1 10 12 1 10 100 12 1 1 1 10 12 1 1 10 12 1 1 8 1 10 7 12 1 1 1 9 12 1 1 100 1 100 1 100 1 1 1 1 5 0 1 1 1 1 3 1 3 1 5 0 1 1 1 1 1 1 1 1 1 100 1 1 1 1 1 1 1 1 1 1 1 1 1 1 1 1 1 1 1 1 1 1 1 1 1 1 1 1 1 1 1 1 1 1 1 1 1 1 1 1 1 1 1 1 1 1 1 1 1 1 1 1 1 1 1 1 1 1 1 1 1 1 1 1 1 1 1 1 100 1 1 1 1 1 1 1 1 1 1 1 1 1 1 1 1 1 1 1 1 1 1 1 1 1 1 100 1 1 1 1 1 1 1 1 100 1 100 1 1
staticfield java/lang/Long TYPE Ljava/lang/Class; java/lang/Class
ciInstanceKlass java/util/Iterator 1 1 53 100 1 8 1 10 12 1 1 10 7 12 1 1 1 11 7 12 1 1 1 11 12 1 1 11 7 12 1 1 1 100 1 1 1 1 1 1 1 1 1 1 1 1 1 1 1 1 1 1 1 1 1
ciInstanceKlass java/lang/reflect/RecordComponent 0 0 208 10 100 12 1 1 1 9 100 12 1 1 1 9 12 1 1 9 12 1 10 12 1 1 10 12 1 1 10 100 12 1 1 1 10 12 1 1 9 12 1 1 10 12 1 1 10 12 1 1 10 12 1 10 100 12 1 1 10 100 12 1 1 9 12 1 1 10 100 12 1 1 1 11 100 12 1 1 1 10 9 100 12 1 1 1 10 100 12 1 1 1 9 12 1 1 10 100 12 1 1 1 10 12 1 1 11 100 12 1 1 10 100 12 1 1 100 1 9 12 1 9 12 1 1 9 12 1 10 100 12 1 1 1 10 12 1 1 10 12 1 1 100 1 10 10 12 1 10 12 1 1 8 1 10 12 1 10 12 1 9 12 1 100 1 1 1 1 1 1 1 1 1 1 1 1 1 1 1 1 1 1 1 1 1 1 100 1 1 1 1 1 1 1 1 1 1 1 3 1 100 1 1 100 1 100 1 1
ciInstanceKlass java/lang/NullPointerException 1 1 37 10 7 12 1 1 1 10 12 1 10 12 1 1 10 100 12 1 1 1 1 1 5 0 1 1 1 1 1 1 1 1 1 100 1 1 1
ciInstanceKlass java/lang/ArithmeticException 1 1 26 10 100 12 1 1 1 10 12 1 100 1 1 1 1 5 0 1 1 1 1 1 1 1 1 1
ciInstanceKlass java/lang/ArrayIndexOutOfBoundsException 1 0 45 10 100 12 1 1 1 10 12 1 100 1 10 8 1 10 12 1 1 10 12 1 10 12 1 1 100 1 1 1 1 5 0 1 1 1 1 1 1 1 1 1 1 1 1
ciInstanceKlass okhttp3/internal/Util 1 1 732 9 100 10 100 100 10 100 10 10 11 100 100 10 100 10 10 10 100 10 11 10 10 100 5 0 10 10 10 100 10 5 0 11 5 0 10 10 100 7 10 10 11 10 100 10 10 10 7 10 7 10 10 11 11 11 7 11 100 10 8 10 7 10 8 10 8 10 10 10 10 10 10 10 8 10 10 10 10 10 10 10 10 10 10 10 10 8 8 10 10 9 10 10 10 100 8 9 10 10 10 9 11 10 11 9 9 9 9 9 9 9 9 9 8 10 100 8 10 10 100 5 0 8 8 10 100 8 10 8 10 10 10 10 100 10 10 10 10 10 10 100 10 10 7 8 10 10 100 8 10 9 9 10 9 10 9 8 10 8 8 8 8 8 10 8 9 8 8 8 8 8 10 9 7 10 9 7 8 7 10 8 10 7 1 1 1 1 1 1 1 1 1 1 1 1 1 1 1 1 1 1 1 1 1 1 1 1 1 1 1 1 1 1 1 1 1 1 1 1 1 1 1 1 1 100 1 1 1 1 1 1 1 1 1 1 1 1 1 1 1 1 1 1 1 1 1 1 1 1 1 1 1 1 1 1 1 1 1 1 1 1 1 1 1 1 1 1 1 1 100 7 1 1 1 1 1 1 1 1 1 1 1 1 1 7 1 1 1 1 1 1 1 1 1 1 1 1 1 1 1 1 1 1 1 1 100 100 1 1 1 1 1 1 1 1 1 1 1 1 1 1 1 1 1 1 1 1 1 1 1 1 1 1 1 1 1 1 1 1 1 1 1 1 1 1 1 1 1 1 1 1 100 100 1 1 1 1 1 1 1 1 1 1 1 1 1 1 1 1 1 1 1 1 1 1 1 1 1 1 1 1 1 1 1 1 1 1 1 1 1 1 1 1 1 1 1 1 1 1 1 1 1 1 1 7 100 1 1 100 1 1 12 1 12 1 1 12 1 12 7 12 1 1 7 1 12 100 12 1 100 12 12 100 12 12 1 12 100 12 12 1 12 12 12 1 1 12 7 12 12 12 1 12 12 7 12 7 12 1 12 12 12 12 1 12 7 12 1 12 1 1 12 1 12 12 12 12 12 12 12 1 12 12 12 12 12 12 12 12 12 12 12 12 1 1 12 7 12 7 12 12 12 1 1 12 7 12 100 12 12 12 100 12 7 12 12 12 12 12 12 12 12 12 12 1 12 1 1 12 1 1 1 12 1 1 12 1 12 12 12 12 1 12 12 12 12 12 1 12 12 1 1 12 1 1 12 12 12 7 12 12 7 12 12 1 12 1 1 1 1 1 7 12 1 12 1 1 1 1 1 7 12 12 1 12 1 1 1 12 1 12 1 1 1 1 1 1 1 1 1 1 1 1 1 1 1 1 1 1 1 1 1 1 1 1 1 1 1 1 1 1 1 1 1 1 1 1 1 1 1 1 1 1 1 1 1 1 1 1 1 1 1 1 1 1 1 1 1 1 1 1 1 1 1 1 1 1 1 1 1 1 1 1 1 1 1 1 1 1 1 1 1 1 1 1 1 1 1 1 1 1 1 1 1 1 1 1 1 1 1 1 1 1 1 1 1 1 1 1 1 1 1 1 1 1 1 1 1 1 1 1 1 1 1 1 1 1 1 1 1 1 1 1 1 1 1 1 1 1 1 1
staticfield okhttp3/internal/Util EMPTY_BYTE_ARRAY [B 0
staticfield okhttp3/internal/Util EMPTY_STRING_ARRAY [Ljava/lang/String; 0 [Ljava/lang/String;
staticfield okhttp3/internal/Util EMPTY_RESPONSE Lokhttp3/ResponseBody; okhttp3/ResponseBody$1
staticfield okhttp3/internal/Util EMPTY_REQUEST Lokhttp3/RequestBody; okhttp3/RequestBody$2
staticfield okhttp3/internal/Util UTF_8_BOM Lokio/ByteString; okio/ByteString
staticfield okhttp3/internal/Util UTF_16_BE_BOM Lokio/ByteString; okio/ByteString
staticfield okhttp3/internal/Util UTF_16_LE_BOM Lokio/ByteString; okio/ByteString
staticfield okhttp3/internal/Util UTF_32_BE_BOM Lokio/ByteString; okio/ByteString
staticfield okhttp3/internal/Util UTF_32_LE_BOM Lokio/ByteString; okio/ByteString
staticfield okhttp3/internal/Util UTF_8 Ljava/nio/charset/Charset; sun/nio/cs/UTF_8
staticfield okhttp3/internal/Util ISO_8859_1 Ljava/nio/charset/Charset; sun/nio/cs/ISO_8859_1
staticfield okhttp3/internal/Util UTF_16_BE Ljava/nio/charset/Charset; sun/nio/cs/UTF_16BE
staticfield okhttp3/internal/Util UTF_16_LE Ljava/nio/charset/Charset; sun/nio/cs/UTF_16LE
staticfield okhttp3/internal/Util UTF_32_BE Ljava/nio/charset/Charset; sun/nio/cs/UTF_32BE
staticfield okhttp3/internal/Util UTF_32_LE Ljava/nio/charset/Charset; sun/nio/cs/UTF_32LE
staticfield okhttp3/internal/Util UTC Ljava/util/TimeZone; sun/util/calendar/ZoneInfo
staticfield okhttp3/internal/Util NATURAL_ORDER Ljava/util/Comparator; okhttp3/internal/Util$1
staticfield okhttp3/internal/Util addSuppressedExceptionMethod Ljava/lang/reflect/Method; java/lang/reflect/Method
staticfield okhttp3/internal/Util VERIFY_AS_IP_ADDRESS Ljava/util/regex/Pattern; java/util/regex/Pattern
ciMethod java/lang/ArrayIndexOutOfBoundsException <init> ()V 0 0 1 0 -1
ciMethod okhttp3/internal/Util checkOffsetAndCount (JJJ)V 2049 1 256 0 -1
ciMethodData okhttp3/internal/Util checkOffsetAndCount (JJJ)V 1 256 orig 328 152 222 106 52 250 127 0 0 160 181 60 197 76 2 0 0 8 2 0 0 64 0 0 0 0 0 0 0 0 0 0 0 255 255 255 255 255 255 255 255 255 255 255 255 0 0 0 0 0 0 0 0 0 0 0 0 0 0 0 0 0 0 0 0 208 7 0 2 0 0 0 0 0 0 0 0 0 0 0 0 77 68 79 32 101 120 116 114 97 32 100 97 116 97 32 108 111 99 107 0 0 0 0 0 0 0 0 0 0 0 0 0 0 0 0 0 0 0 0 0 0 0 0 0 0 0 0 0 0 0 0 0 0 0 0 0 0 0 0 0 0 0 0 0 0 0 0 0 0 0 0 0 0 0 0 0 0 0 0 0 0 0 0 0 0 0 0 0 0 0 0 0 0 0 0 0 0 0 0 0 0 0 0 0 0 0 0 0 0 0 0 0 0 0 0 0 0 0 0 0 0 0 0 0 0 0 0 0 0 0 0 0 0 0 0 0 0 0 0 0 0 0 0 0 0 0 0 0 0 0 0 0 0 0 0 0 0 0 0 0 0 0 0 0 0 0 0 0 0 0 0 0 0 0 0 0 0 1 0 0 1 0 0 0 1 0 0 0 0 0 0 0 0 0 0 0 0 0 0 0 248 3 0 0 248 31 0 0 2 0 0 0 0 0 0 0 0 0 0 0 0 0 0 0 0 0 0 0 0 0 0 0 112 0 0 0 254 255 255 255 7 0 6 0 0 0 0 0 data 25 0x60007 0x0 0x60 0x0 0xc0007 0x0 0x40 0x0 0x150007 0x0 0x30 0x0 0x1c0002 0x0 0x0 0x0 0x0 0x9 0x6 0x0 0x0 0x0 0x0 0x0 0x0 oops 0 methods 0
compile okhttp3/internal/Util checkOffsetAndCount (JJJ)V -1 3
